NAME OF COMPANY, ISIN NUMBER
182TB28526,IN002025Y354
20 Microns Limited,INE144J01027
21st Century Management Services Limited,INE253B01015
360 ONE Mutual Fund,INF579M01BB5
360 ONE Mutual Fund,INF579M01BC3
360 ONE WAM LIMITED,INE466L01038
360ONEPL-9.44%-12-6-34-NCD,INE248U07FI4
360OPL-9.21%-18-1-27-NCD,INE248U07ET4
364T261126,IN002025Z351
3B BlackBio Dx Limited,INE994E01018
3B FILMS LIMITED,INE0TE101010
3C IT Solutions and Telecoms (,INE0R7D01018
3i Infotech Limited,INE748C01038
3M India Limited,INE470A01017
3P Land Holdings Limited,INE105C01023
5Paisa Capital Limited,INE618L01018
63 moons technologies limited,INE111B01023
663TMLSDL55,IN3120200206
676GOI2061,IN0020200401
690GOI65,IN0020250018
695GOI2061,IN0020210202
702IIFCL28,INE787H07172
718GS2037,IN0020230077
719GOI2060,IN0020200039
724GOI55,IN0020250075
725GOI2063,IN0020230044
733MHSDL44,IN2220240096
734GOI2064,IN0020240035
736IIFCL28,INE787H07149
738GOI2027,IN0020220037
74GOI2062,IN0020220094
751HUDCO28,INE031A07865
754GOI2036,IN0020220029
768KARSDL34,IN1920220127
772CG2055,IN0020150077
778KLSDL45,IN2020250154
7NR Retail Limited,INE413X01035
7SEAS ENTERTAINMENT LIMITED,INE454F01010
812REC27,INE020B07GH7
828GOI2027,IN0020070069
830NHAI27,INE906B07CB9
830PFC2027,INE134E07208
866NTPC33,INE733E07JG5
873IIFCL29C,INE787H07362
876HUDCO28,INE031A07949
879NHPC28,INE848E07559
891NTPC33,INE733E07JJ9
91TB050326,IN002025X364
920GOI2030,IN0020130053
990IFCI32C,INE039A09PO2
A B Cotspin India Limited,INE08PH01015
A B Infrabuild Limited,INE00YB01025
A.F. ENTERPRISES LTD,INE663P01015
A.K.CAPITAL SERVICES LTD.,INE701G01012
A-1 LIMITED,INE911Z01025
A2Z Infra Engineering Limited,INE619I01012
AAA Technologies Limited,INE0D0U01013
Aadhar Housing Finance Limited,INE883F01010
AADI INDUSTRIES LTD.,INE563D01013
Aakash Exploration Services Limited,INE087Z01024
Aanchal Ispat Limited,INE322R01022
AAREY DRUGS & PHARMACEUTICALS,INE198H01019
AARNAV FASHIONS LIMITED,INE750R01016
Aaron Industries Limited,INE721Z01010
Aartech Solonics Limited,INE01C001026
Aarti Drugs Limited,INE767A01016
Aarti Industries Limited,INE769A01020
Aarti Pharmalabs Limited,INE0LRU01027
Aarti Surfactants Limited,INE09EO01013
Aarvi Encon Limited,INE754X01016
Aastamangalam Finance Limited,INE819K01014
Aavas Financiers Limited,INE216P01012
AAYUSH ART AND BULLION LIMITED,INE777X01017
AAYUSH WELLNESS LIMITED,INE430R01023
Aban Offshore Limited,INE421A01028
ABANS ENTERPRISES LTD,INE365O01028
ABANS FINANCIAL SERVICES LIMIT,INE00ZE01026
ABATE AS INDUSTRIES LIMITED,INE454E01013
ABB India Limited,INE117A01022
Abbott India Limited,INE358A01014
ABC INDIA LTD.,INE125D01011
ABCL-9-10-26-NCD,INE860H07IR8
ABHINAV CAPITAL SERVICES LTD.,INE516F01016
Abhinav Leasing & Finance Limi,INE211D01027
Abhishek Infraventures Limited,INE281P01016
ABIRAMI FINANCIAL SERVICES (IN,INE195I01013
ABM International Limited,INE251C01025
ABM KNOWLEDGEWARE LTD.,INE850B01026
Abram Food Limited,INE0ZDY01011
ABRIL PAPER TECH LIMITED,INE15MX01014
ACAPL-12%-11-6-27-PVT,INE08XP07431
ACAPL-12%-17-11-28-PVT,INE08XP07415
ACAPL-12%-21-05-27-PVT,INE08XP07423
ACAPL-12.5%-27-12-28-PVT,INE08XP07324
ACAPL-14.35%-28-10-26-PVT,INE08XP07381
ACAPL-9.85%-11-1-27-PVT,INE08XP07316
ACC Limited,INE012A01025
ACCEDERE LIMITED,INE578B01015
ACCEL LIMITED,INE258C01038
ACCELERATEBS INDIA LIMITED,INE0POP01017
ACCELYA SOLUTIONS INDIA LIMITE,INE793A01012
Accretion Nutraveda Limited,INE1KVQ01019
Accuracy Shipping Limited,INE648Z01023
Ace Alpha Tech Limited,INE0S9X01011
Ace Integrated Solutions Limited,INE543V01017
ACE MEN ENGG WORKS LIMITED,INE023R01018
ACE SOFTWARE EXPORTS LTD.,INE849B01010
Ace Software Exports ltd.,IN9849B01026
Achyut Healthcare Limited,INE0K1401020
ACI INFOCOM LTD.,INE167B01025
Acme Resources Limited,INE636B01011
Acme Solar Holdings Limited,INE622W01025
ACS TECHNOLOGIES LIMITED,INE366C01021
ACTION CONSTRUCTION EQUIPMENT,INE731H01025
Active Clothing Co  Limited,INE380Z01015
Acutaas Chemicals Limited,INE00FF01025
Adani Energy Solutions Limited,INE931S01010
Adani Enterprises Limited,INE423A01024
Adani Green Energy Limited,INE364U01010
ADANI PORTS AND SPECIAL ECONOM,INE742F01042
Adani Power Limited,INE814H01029
Adani Total Gas Limited,INE399L01023
ADARSH PLANT PROTECT LTD.,INE627D01016
ADC INDIA COMMUNICATIONS LIMIT,INE833A01016
Adcon Capital Services Limited,INE805Q01028
ADCOUNTY MEDIA INDIA LIMITED,INE0W1601012
ADDI INDUSTRIES LTD.,INE757C01021
Add-Shop E-Retail Limited,INE01B501018
ADF Foods Limited,INE982B01027
ADHATA GLOBAL LIMITED,INE586D01014
Adhbhut Infrastructure Ltd.,INE578L01014
ADINATH TEXTILES LTD.,INE207C01019
Aditya Birla Capital Limited,INE674K01013
Aditya Birla Fashion and Retai,INE647O01011
Aditya Birla Lifestyle Brands,INE14LE01019
Aditya Birla Money Limited,INE865C01022
ADITYA BIRLA REAL ESTATE LIMIT,INE055A01016
Aditya Birla Sun Life AMC Limi,INE404A01024
Aditya Birla Sun Life BSE Sens,INF209KB10E8
Aditya Birla Sun Life Mutual F,INF209KB18D3
Aditya Birla Sun Life Mutual F,INF209KB16D7
Aditya Birla Sun Life Mutual F,INF209KB17D5
Aditya Birla Sun Life Mutual F,INF209KB19F6
Aditya Birla Sun Life Mutual F,INF209KB11D8
Aditya Birla Sun Life Mutual F,INF209KB10C2
Aditya Birla Sun Life Mutual F,INF209KB19D1
Aditya Birla Sun Life Mutual F,INF209KB15K4
Aditya Birla Sun Life Mutual F,INF209KB14K7
Aditya Birla Sun Life Mutual F,INF209KB18T9
Aditya Birla Sun Life Mutual F,INF209KB19Z4
Aditya Infotech Limited,INE819V01029
ADITYA ISPAT LTD.,INE570B01012
ADITYA SPINNERS LTD.,INE122D01026
Aditya Vision Limited,INE679V01027
ADLINE CHEM LAB LIMITED,INE276T01018
ADMACH SYSTEMS LIMITED,INE0XLO01010
AD-MANUM FINANCE LTD.,INE556D01017
Ador Welding Limited,INE045A01017
Adroit Infotech Limited,INE737B01033
ADTECH SYSTEMS LIMITED,INE257C01014
ADVAIT ENERGY TRANSITIONS LIMI,INE0ALI01010
Advance Agrolife Limited,INE1B0W01010
ADVANCE LIFESTYLES LTD.,INE900E01015
ADVANCE METERING TECHNOLOGY LT,INE436N01029
ADVANCE PETROCHEMICALS LTD.,INE334N01018
Advanced Enzyme Technologies L,INE837H01020
ADVANI HOTELS & RESORTS (INDIA,INE199C01026
Advent Hotels International Li,INE28GN01010
Advik Capital Limited,INE178T01024
Aegis Logistics Limited,INE208C01025
Aegis Vopak Terminals Limited,INE0INX01018
AEL-12-1-31-NCD,INE423A07542
AEL-8.62%-12-1-31-NCD,INE423A07518
AEL-8.95%-17-07-27-NCD,INE423A07450
AEL-9%-17-07-30-NCD,INE423A07443
AEL-9.15%-17-07-28-NCD,INE423A07435
AEL-9.30%-17-07-30-NCD,INE423A07393
AEL-9.56%-12-9-29-NCD,INE423A07336
AEL-9.65%-12-9-27-NCD,INE423A07328
AEL-9.90%-12-9-29-NCD,INE423A07344
AELEA COMMODITIES LIMITED,INE0T3401029
Aeonx Digital Technology Limit,INE994D01010
Aequs Limited,INE947N01017
Aeroflex Enterprises Limited,INE065D01027
Aeroflex Industries Limited,INE024001021
Aeroflex Neu Limited,INE035801013
Aerpace Industries Limited,INE175N01023
Aether Industries Limited,INE0BWX01014
Afcom Holdings Limited,INE0OXY01013
Afcons Infrastructure Limited,INE101I01011
Affle 3i Limited,INE00WC01027
Affordable Robotic & Automatio,INE692Z01013
AFPL-12.40%-24-4-29-PVT,INE515Q08226
AG VENTURES LIMITED,INE321D01016
AGARWAL FORTUNE INDIA LIMITED,INE510B01018
AGARWAL INDUSTRIAL CORPORATION,INE204E01012
AGI Greenpac Limited,INE415A01038
Agi Infra Limited,INE976R01033
AGIO PAPER & INDUSTRIES LTD.,INE112C01011
AGRIBIO SPIRITS LIMITED,INE679E01015
Agri-Tech (India) Limited,INE449G01018
Agro Phos India Limited,INE740V01019
AGS TRANSACT TECHNOLOGIES LIMI,INE583L01014
AHASOLAR TECHNOLOGIES LIMITED,INE0NEV01011
AHFL-9.35%-29-9-28-NCD,INE538L07528
Ahlada Engineers Limited,INE00PV01013
Ahluwalia Contracts (India) Limited,INE758C01029
AHMEDABAD STEELCRAFT LTD.,INE868C01018
AI CHAMPDANY INDUSTRIES LTD.,INE768E01024
AIA Engineering Limited,INE212H01026
AIK Pipes and Polymers Limited,INE0QFT01015
AIMCO PESTICIDES LTD.,INE008B01013
AION-TECH SOLUTIONS LIMITED,INE805A01014
Airan Limited,INE645W01026
AIRFLOA RAIL TECHNOLOGY LIMITE,INE0XBS01012
Airo Lam limited,INE801L01010
Ajanta Pharma Limited,INE031B01049
AJANTA SOYA LTD.,INE601B01023
Ajax Engineering Limited,INE274Y01021
AJC Jewel Manufacturers Limite,INE0XRR01010
AJCON GLOBAL SERVICES LTD.,INE759C01027
Ajmera Realty & Infra India Limited,INE298G01027
AJMERA REALTY & INFRA INDIA LT,INE298G01035
Ajooni Biotech Limited,INE820Y01021
Akar Auto Industries Limited,INE864E01021
Akash Infra-Projects Limited,INE737W01013
Akg Exim Limited,INE00Y801016
AKI India Limited,INE642Z01026
Akme Fintrade (India) Limited,INE916Y01027
Aksh Optifibre Limited,INE523B01011
Akshar Spintex Limited,INE256Z01025
AKSHARCHEM (INDIA) LTD.,INE542B01011
Akums Drugs and Pharmaceutical,INE09XN01023
Akzo Nobel India Limited,INE133A01011
ALACRITY SECURITIES LTD,INE030P01017
ALANKIT,INE914E01040
Albert David Limited,INE155C01010
Alembic Limited,INE426A01027
Alembic Pharmaceuticals Limited,INE901L01018
Alexander Stamps And Coin Limi,INE191N01012
ALFA TRANSFORMERS LTD.,INE209C01015
ALFAVISION OVERSEAS (INDIA) LT,INE883B01027
ALFRED HERBERT (INDIA) LTD.,INE782D01027
Algoquant Fintech Limited,INE598D01035
Alicon Castalloy Limited,INE062D01024
Alivus Life Sciences Limited,INE03Q201024
ALKA INDIA LTD.,INE061B01038
Alkali Metals Limited,INE773I01017
Alkem Laboratories Limited,INE540L01014
ALKOSIGN LIMITED,INE0KA601012
Alkyl Amines Chemicals Limited,INE150B01039
All Time Plastics Limited,INE0GV601021
Allcargo Logistics Limited,INE418H01029
Allcargo Terminals Limited,INE0NN701020
Allcargo Terminals Limited,IN90NN701011
Alldigi Tech Limited,INE835G01018
ALLIANCE INTEGRATED METALIKS L,INE123D01024
Allied Blenders and Distillers,INE552Z01027
Allied Digital Services Limited,INE102I01027
Almondz Global Securities Limited,INE326B01035
Alok Industries Limited,INE270A01029
Alpa Laboratories Limited,INE385I01010
Alphageo (India) Limited,INE137C01018
Alphalogic Techsys Limited,INE08E401029
ALPINE HOUSING DEVELOPMENT COR,INE840D01015
Alstone Textiles (India) Ltd,INE184S01024
ALUFLUORIDE LTD.,INE058F01019
Amagi Media Labs Limited,INE121R01077
AMAL LTD.,INE841D01013
AMALGAMATED ELECTRICITY CO.LTD,INE492N01022
Amanta Healthcare Limited,INE084K01015
Amara Raja Energy & Mobility L,INE885A01032
AMARJOTHI SPINNING MILLS LTD.,INE484D01012
AMARNATH SECURITIES LTD,INE745P01010
Amba Enterprises Ltd.,INE829P01020
AMBALAL SARABHAI ENTERPRISES L,INE432A01017
Ambar Protein Industries Limit,INE072V01017
Amber Enterprises India Limite,INE371P01015
AMBICA AGARBATHIES & AROMA IND,INE792B01012
Ambika Cotton Mills Limited,INE540G01014
AMBITIOUS PLASTOMAC COMPANY LT,INE267C01013
Ambuja Cements Limited,INE079A01024
AMCO INDIA LTD.,INE924B01011
AMD Industries Limited,INE005I01014
AMEENJI RUBBER LIMITED,INE14QA01016
AMERISE BIOSCIENCES LIMITED,INE673C01020
AMFORGE INDUSTRIES LTD.,INE991A01020
Amic Forging Limited,INE0P9J01013
AMIN TANNERY LIMITED,INE572Z01017
Amines & Plasticizers Limited,INE275D01022
AMIT INTERNATIONAL LTD.,INE053D01015
AMIT SECURITIES LTD.,INE137E01014
Amj Land Holdings Limited,INE606A01024
AMPVOLTS LIMITED,INE989J01017
AMRAPALI INDUSTRIES LTD.,INE762C01021
AMRAWORLD AGRICO LTD.,INE735C01027
Amrutanjan Health Care Limited,INE098F01031
Amwill Health Care Limited,INE0U2L01017
ANAND RATHI SHARE AND STOCK BR,INE549H01021
Anand Rathi Wealth Limited,INE463V01026
Anand Rayons Limited,INE02GA01012
Anant Raj Limited,INE242C01024
Anantam Highways Trust,INE1UA823019
Andhra Cements Limited,INE666E01020
ANDHRA PAPER LIMITED,INE435A01051
ANDHRA PETROCHEMICALS LTD.,INE714B01016
ANDHRA SUGARS LTD.,INE715B01021
ANDREW YULE & COMPANY LTD.,INE449C01025
ANG Lifesciences India Limited,INE236W01016
Angel Fibers Limited,INE339Z01011
Angel One Limited,INE732I01013
Anik Industries Limited,INE087B01017
ANIRIT VENTURES LIMITED,INE161F01011
ANIRIT VENTURES LIMITED,IN9161F01019
ANJANI FINANCE LTD.,INE283D01018
Anjani Foods Limited,INE096I01021
Anjani Portland Cement Limited,INE071F01012
ANJANI SYNTHETICS LTD.,INE364D01032
ANKA INDIA LTD.,INE067C01025
Ankit Metal & Power Limited,INE106I01010
Anlon Healthcare Limited,INE0Y8W01017
Anmol India Limited,INE02AR01019
ANNA INFRASTRUCTURES LTD.,INE336D01014
ANNVRRIDHHI VENTURES LIMITED,INE075K01013
ANS INDUSTRIES LTD,INE234J01018
ANSAL BUILDWELL LTD.,INE030C01015
ANSAL HOUSING LIMITED,INE880B01015
ANSAL PROPERTIES & INFRASTRUCT,INE436A01026
Antarctica Limited,INE414B01021
Antelopus Selan Energy Limited,INE818A01017
Anthem Biosciences Limited,INE0CZ201020
Antony Waste Handling Cell Lim,INE01BK01022
Anuh Pharma Limited,INE489G01022
ANUPAM FINSERV LIMITED,INE069B01023
Anupam Rasayan India Limited,INE930P01018
Anuroop Packaging Limited,INE490Z01012
Apar Industries Limited,INE372A01015
Apcotex Industries Limited,INE116A01032
Apeejay Surrendra Park Hotels,INE988S01028
Apex Frozen Foods Limited,INE346W01013
APIS INDIA LTD.,INE070K01014
APL Apollo Tubes Limited,INE702C01027
APLAB LTD.,INE273A01015
Aplab Ltd.,IN9273A01047
APM INDUSTRIES LTD.,INE170D01025
APOLLO FINVEST (INDIA) LTD.,INE412D01013
Apollo Hospitals Enterprise Limited,INE437A01024
Apollo Micro Systems Limited,INE713T01028
Apollo Pipes Limited,INE126J01016
Apollo Sindoori Hotels Limited,INE451F01024
APOLLO TECHNO INDUSTRIES LIMIT,INE0X4A01013
Apollo Tyres Limited,INE438A01022
Apoorva Leasing Finance & Inve,INE217S01014
APSBCL-9.62%-29-11-32-PVT,INE0M2307206
APT PACKAGING LTD.,INE046E01025
Aptech Limited,INE266F01018
Aptus Pharma Limited,INE15XJ01010
Aptus Value Housing Finance In,INE852O01025
ARAVALI SECURITIES & FINANCE L,INE068C01015
ARC Finance Limited,INE202R01026
ARCEE INDUSTRIES LTD.,INE276D01012
Archean Chemical Industries Li,INE128X01021
Archidply Decor Limited,INE0CHO01012
Archidply Industries Limited,INE877I01016
Archies Limited,INE731A01020
ARCHIT ORGANOSYS LTD.,INE078I01011
ARCL Organics Ltd,INE372M01010
Arfin India Limited,INE784R01023
Aries Agro Limited,INE298I01015
ARIGATO UNIVERSE LIMITED,INE021N01011
Arihant Capital Markets Limited,INE420B01036
ARIHANT FOUNDATIONS & HOUSING,INE413D01011
ARIHANT SUPERSTRUCTURES LIMITE,INE643K01018
ARIHANTS SECURITIES LTD.,INE190D01015
Arisinfra Solutions Limited,INE0H9P01028
Aritas Vinyl Limited,INE1D8001016
Arkade Developers Limited,INE0QRL01017
Arman Financial Services Limited,INE109C01017
ARNOLD HOLDINGS LTD,INE185K01036
Aro Granite Industries Limited,INE210C01013
Arrow Greentech Limited,INE570D01018
Arrowhead Seperation Engineeri,INE0PP401015
Arshiya Limited,INE968D01022
Art Nirman Limited,INE738V01013
ARTEFACT PROJECTS LTD.,INE885B01014
Artemis Electricals and Projec,INE757T01025
Artemis Medicare Services Limi,INE025R01021
Artificial Electronics Intelli,INE072B01027
ARTSON LIMITED,INE133D01023
ARUNA HOTELS LTD.,INE957C01019
ARUNIS ABODE LIMITED,INE377D01018
Arunjyoti Bio Ventures Limited,INE485K01022
Arvee Laboratories (India) Limited,INE006Z01016
Arvind Fashions Limited,INE955V01021
Arvind Limited,INE034A01011
Arvind SmartSpaces Limited,INE034S01021
Aryaman Capital Markets Limite,INE229R01011
ARYAMAN FINANCIAL SERVICES LTD,INE032E01017
Aryan Share & Stock Brokers Lt,INE016X01010
ARYAVAN ENTERPRISE LIMITED,INE360S01012
Asahi India Glass Limited,INE439A01020
Asahi Songwon Colors Limited,INE228I01012
ASARFI HOSPITAL LIMITED,INE0DN001027
Ascensive Educare Limited,INE0E4I01027
Ashapura Minechem Limited,INE348A01023
Ashapuri Gold Ornament Limited,INE05FR01029
ASHIANA AGRO INDUSTRIES LTD.,INE709D01012
Ashiana Housing Limited,INE365D01021
Ashika Credit Capital Ltd.,INE094B01013
Ashima Limited,INE440A01010
ASHIRWAD CAPITAL LTD.,INE894A01026
ASHIRWAD STEELS & INDUSTRIES L,INE338C01012
ASHISH POLYPLAST LTD.,INE831C01016
Ashnisha Industries Limited,INE694W01024
ASHNOOR TEXTILE MILLS LTD.,INE372I01018
Ashok Leyland Limited,INE208A01029
Ashoka Buildcon Limited,INE442H01029
Ashoka Metcast Limited,INE760Y01011
ASHRAM ONLINE.COM LTD.,INE293C01019
ASHUTOSH PAPER MILLS LTD.,INE723K01018
ASI INDUSTRIES LIMITED,INE443A01030
ASIA PACK LTD.,INE784M01016
Asian Energy Services Limited,INE276G01015
Asian Granito India Limited,INE022I01019
Asian Hotels (East) Limited,INE926K01017
Asian Hotels (North) Limited,INE363A01022
Asian Paints Limited,INE021A01026
ASIAN PETROPRODUCTS & EXPORTS,INE810M01019
ASIAN TEA & EXPORTS LTD.,INE822B01017
Asian Warehousing Limited,INE04Z101016
ASIT C.MEHTA FINANCIAL SERVICE,INE041B01014
ASK Automotive Limited,INE491J01022
ASM TECHNOLOGIES LTD.,INE867C01010
Aspinwall and Company Limited,INE991I01015
Aspira Pathlab & Diagnostics L,INE500C01017
Assam Entrade Limited,INE165G01010
ASSOCIATED ALCOHOLS & BREWERIE,INE073G01016
ASSOCIATED CERAMICS LTD.,INE771E01010
Associated Coaters Limited,INE0RIQ01013
ASSTON PHARMACEUTICALS LIMITED,INE0SJX01015
ASTAL LABORATORIES LIMITED,INE307N01014
Astec LifeSciences Limited,INE563J01010
Aster DM Healthcare Limited,INE914M01019
Astra Microwave Products Limited,INE386C01029
Astral Limited,INE006I01046
AstraZeneca Pharma India Limited,INE203A01020
Astron Multigrain Limited,INE0RUY01012
Astron Paper & Board Mill Limi,INE646X01014
Atal Realtech Limited,INE0ALR01029
Atam Valves Limited,INE09KD01013
Aten Papers & Foam Limited,INE0XCV01014
ATHARV ENTERPRISES LTD.,INE354E01031
Athena Constructions Limited,INE291R01011
Athena Global Technologies Lim,INE576B01019
Ather Energy Limited,INE0LEZ01016
Atishay Limited,INE011R01013
Atlanta Electricals Limited,INE0Z4F01028
ATLANTAA LIMITED,INE285H01022
Atlas Cycles (Haryana) Limited,INE446A01025
Atul Auto Limited,INE951D01028
Atul Limited,INE100A01010
ATV PROJECTS INDIA LTD.,INE447A01015
Atvo Enterprises Limited,INE219M01021
AU Small Finance Bank Limited,INE949L01017
Auri Grow India Limited,INE925Y01036
Aurionpro Solutions Limited,INE132H01018
AURO LABORATORIES LTD.,INE292C01011
Aurobindo Pharma Limited,INE406A01037
Aurum PropTech Limited,INE898S01029
Ausom Enterprise Limited,INE218C01016
AUSTERE SYSTEMS LIMITED,INE104201012
AUSTIN ENGINEERING CO.LTD.,INE759F01012
Authum Investment & Infrastruc,INE206F01022
AUTO PINS (INDIA) LTD.,INE706C01028
Autoline Industries Limited,INE718H01014
AUTOMOBILE CORPORATION OF GOA,INE451C01013
Automotive Axles Limited,INE449A01011
AUTOMOTIVE STAMPINGS & ASSEMBL,INE900C01027
AUTORIDERS INTERNATIONAL LTD.,INE340U01010
Avadh Sugar & Energy Limited,INE349W01017
AVAILABLE FINANCE LTD.,INE325G01010
Avalon Technologies Limited,INE0LCL01028
AVANCE TECHNOLOGIES LTD.,INE758A01072
Avantel Limited,INE005B01027
Avanti Feeds Limited,INE871C01038
Aveer Foods Limited,INE09BN01011
Avenue Supermarts Limited,INE192R01011
AvenuesAI Limited,INE483S01020
AVG Logistics Limited,INE680Z01018
Avi Polymers Ltd.,INE897N01014
AVI PRODUCTS INDIA LIMITED,INE316O01021
AVONMORE CAPITAL & MANAGEMENT,INE323B01024
AVRO INDIA LIMITED,INE652Z01017
AVT Natural Products Limited,INE488D01021
Awfis Space Solutions Limited,INE108V01019
AWL Agri Business Limited,INE699H01024
AXEL POLYMERS LTD.,INE197C01012
Axis Bank Limited,INE238A01034
Axis Mutual Fund,INF846K010Q0
Axis Mutual Fund,INF846KA1119
AXIS MUTUAL FUND - AXIS GOLD E,INF846K01W80
AXIS SOLUTIONS LIMITED,INE520G01024
AXISCADES Technologies Limited,INE555B01013
Axita Cotton Limited,INE02EZ01022
AXTEL INDUSTRIES LTD.,INE767C01012
AYM Syntex Limited,INE193B01039
Azad Engineering Limited,INE02IJ01035
AZAD INDIA MOBILITY LIMITED,INE566M01017
B & A LTD.,INE489D01011
B&A PACKAGING INDIA LIMITED,INE00FM01013
B&B Triplewall Containers Limited,INE01EE01011
B. L. Kashyap and Sons Limited,INE350H01032
B.A.G Films and Media Limited,INE116D01028
B.C. POWER CONTROLS LTD,INE905P01028
B.N.RATHI SECURITIES LTD.,INE710D01028
B.R.GOYAL INFRASTRUCTURE LIMIT,INE00ST01011
B2B SOFTWARE TECHNOLOGIES LTD.,INE151B01011
Baazar Style Retail Limited,INE01FR01028
BABA ARTS LTD.,INE893A01036
BACIL PHARMA LTD.,INE711D01018
Bafna Pharmaceuticals Limited,INE878I01022
Baid Finserv Limited,INE020D01022
BAI-KAKAJI POLYMERS LIMITED,INE1IJQ01026
Bajaj Auto Limited,INE917I01010
Bajaj Consumer Care Limited,INE933K01021
Bajaj Electricals Limited,INE193E01025
Bajaj Finance Limited,INE296A01032
Bajaj Finserv Limited,INE918I01026
Bajaj Finserv Mutual Fund,INF0QA701722
Bajaj Finserv Mutual Fund,INF0QA701714
Bajaj Healthcare Limited,INE411U01027
Bajaj Hindusthan Sugar Limited,INE306A01021
Bajaj Holdings & Investment Limited,INE118A01012
Bajaj Housing Finance Limited,INE377Y01014
BAJAJ STEEL INDUSTRIES LTD.,INE704G01024
Bajel Projects Limited,INE0KQN01018
Bal Pharma Limited,INE083D01012
Balaji Amines Limited,INE050E01027
Balaji Telefilms Limited,INE794B01026
BALAXI PHARMACEUTICALS LIMITED,INE618N01022
Balgopal Commercial limited,INE119R01014
Balkrishna Industries Limited,INE787D01026
Balkrishna Paper Mills Limited,INE875R01011
BALMER LAWRIE & CO.LTD.,INE164A01016
BALMER LAWRIE INVESTMENTS LTD.,INE525F01025
Balrampur Chini Mills Limited,INE119A01028
Balu Forge Industries Limited,INE011E01029
BALURGHAT TECHNOLOGIES LTD.,INE654B01014
BAMBINO AGRO INDUSTRIES LTD.,INE921D01013
BAMPSL SECURITIES LTD.,INE802A01037
Banaras Beads Limited,INE655B01011
BANAS FINANCE LTD.,INE521L01030
Banco Products (I) Limited,INE213C01025
BANDARAM PHARMA PACKTECH LIMIT,INE875N01036
Bandhan Bank Limited,INE545U01014
Bandhan Mutual Fund,INF194KB1KJ7
Bandhan Mutual Fund,INF194KB1KI9
Bang Overseas Limited,INE863I01016
BANGANGA PAPER INDUSTRIES LIMI,INE767M01029
Bank of Baroda,INE028A01039
Bank of India,INE084A01016
Bank of Maharashtra,INE457A01014
Banka BioLoo Limited,INE862Y01015
BANNARI AMMAN SPINNING MILLS L,INE186H01022
Bannari Amman Sugars Limited,INE459A01010
BANSAL ROOFING PRODUCTS LTD,INE319Q01012
Bansal Wire Industries Limited,INE0B9K01025
Banswara Syntex Limited,INE629D01020
Barak Valley Cements Limited,INE139I01011
BARODA BNP PARIBAS MUTUAL FUND,INF251K01SU9
BARODA BNP PARIBAS MUTUAL FUND,INF251K01TL6
BARODA EXTRUSION LTD.,INE927K01023
BARODA RAYON CORPORATION LTD.,INE461A01024
Bartronics India Limited,INE855F01042
BASANT AGRO TECH (INDIA) LTD.,INE473E01021
BASF India Limited,INE373A01013
Bata India Limited,INE176A01028
BATLIBOI LTD.,INE177C01022
Bayer Cropscience Limited,INE462A01022
Bazel International Limited,INE217E01014
BCC FUBA INDIA LTD.,INE788D01016
BCL Enterprises Limited,INE368E01023
Bcl Industries Limited,INE412G01024
BCPL Railway Infrastructure Li,INE00SW01015
BDH INDUSTRIES LTD.,INE278D01018
Beardsell Limited,INE520H01022
Bedmutha Industries Limited,INE844K01012
Beekay Steel Industries Ltd.,INE213D01015
BEEYU OVERSEAS LTD.,INE052B01011
Beezaasan Explotech Limited,INE13VU01016
BEFOUND MOVEMENT LIMITED,INE425F01028
Bella Casa Fashion & Retail Li,INE344T01014
Belrise Industries Limited,INE894V01022
BEMCO HYDRAULICS LTD.,INE142E01022
BEML Land Assets Limited,INE0N7W01012
BEML Limited,INE258A01024
Benara Bearings and Pistons Li,INE495Z01011
BENARES HOTELS LTD.,INE664D01019
Benchmark Computer Solutions L,INE0Q2Z01013
BENGAL & ASSAM COMPANY LTD.,INE083K01017
BENGAL TEA & FABRICS LTD.,INE665D01016
Berger Paints (I) Limited,INE463A01038
BERVIN INVESTMENT & LEASING LT,INE348I01018
BERYL DRUGS LTD.,INE415H01017
BERYL SECURITIES LTD.,INE508J01015
Best Agrolife Limited,INE052T01013
BEST AGROLIFE LIMITED,INE052T01021
BEST EASTERN HOTELS LTD.,INE553F01035
Beta Drugs Limited,INE351Y01019
BETEX INDIA LTD.,INE765L01017
BF Investment Limited,INE878K01010
BF Utilities Limited,INE243D01012
BFL Asset Finvest Limited,INE948Q01018
BGIL FILMS & TECHNOLOGIES LTD.,INE443D01018
BGR Energy Systems Limited,INE661I01014
Bhageria Industries Limited,INE354C01027
BHAGIRADHA CHEMICALS & INDUSTR,INE414D01027
BHAGWATI AUTOCAST LTD.,INE106G01014
BHAGWATI OXYGEN LTD.,INE026I01010
Bhagyanagar India Limited,INE458B01036
Bhakti Gems And Jewellery Limi,INE986W01016
Bhandari Hosiery Exports Limited,INE474E01029
BHANSALI ENGINEERING POLYMERS,INE922A01025
BHARAT AGRI FERT & REALTY LTD.,INE842D01029
Bharat Bhushan Finance & Commo,INE900A01013
Bharat Bijlee Limited,INE464A01036
BHARAT COKING COAL LIMITED,INE05XR01022
Bharat Dynamics Limited,INE171Z01026
Bharat Electronics Limited,INE263A01024
Bharat Forge Limited,INE465A01025
Bharat Gears Limited,INE561C01019
BHARAT GLOBAL DEVELOPERS LIMIT,INE893C01032
Bharat Heavy Electricals Limited,INE257A01026
BHARAT IMMUNOLOGICALS & BIOLOG,INE994B01014
Bharat Parenterals Limited,INE365Y01019
BHARAT PETROLEUM CORPORATION L,INE029A01011
Bharat Rasayan Limited,INE838B01021
Bharat Road Network Limited,INE727S01012
Bharat Seats Limited,INE415D01024
Bharat Wire Ropes Limited,INE316L01019
BHARATROHAN AIRBORNE INNOVATIO,INE0QMV01017
Bharti Airtel  Ltd.,IN9397D01014
Bharti Airtel Limited,INE397D01024
Bharti Hexacom Limited,INE343G01021
Bhartiya International Limited,INE828A01016
BHASKAR AGROCHEMICALS LTD.,INE972C01018
Bhatia Communications & Retail,INE341Z01025
BHAVIK ENTERPRISES LIMITED,INE18PB01017
BHILWARA SPINNERS LTD.,INE436C01014
BHILWARA TECHNICAL TEXTILES LT,INE274K01012
Bigbloc Construction Limited,INE412U01025
BIHAR SPONGE IRON LTD.,INE819C01011
Bikaji Foods International Lim,INE00E101023
BIL VYAPAR LIMITED,INE071A01013
BILCARE LTD.,INE986A01012
Billionbrains Garage Ventures,INE0HOQ01053
BIMETAL BEARINGS LTD.,INE469A01019
Biocon Limited,INE376G01013
BIOFIL CHEMICALS & PHARMACEUTI,INE829A01014
BIOGEN PHARMACHEM INDUSTRIES L,INE703D01023
Birla Cable Limited,INE800A01015
Birla Corporation Limited,INE340A01012
BIRLA PRECISION TECHNOLOGIES L,INE372E01025
BirlaNu Limited,INE557A01011
BIRLASOFT LIMITED,INE836A01035
BITS LTD.,INE839A01021
Bizotic Commercial Limited,INE0OJ401014
BKV INDUSTRIES LTD.,INE356C01022
Black Box Limited,INE676A01027
BLACK ROSE INDUSTRIES LTD.,INE761G01016
BLACKBUCK LIMITED,INE0UIZ01018
BLB Limited,INE791A01024
Bliss GVS Pharma Limited,INE416D01022
BLOOM DEKOR LTD.,INE253C01013
BLOOM INDUSTRIES LTD.,INE373E01015
BLS E-Services Limited,INE0NLT01010
BLS International Services Limited,INE153T01027
BLT Logistics Limited,INE0W4K01013
BLUE CHIP INDIA LTD.,INE657B01025
BLUE CHIP TEX INDUSTRIES LTD.,INE472D01017
Blue Cloud Softech Solutions L,INE373T01047
Blue Coast Hotels Limited,INE472B01011
Blue Dart Express Limited,INE233B01017
Blue Jet Healthcare Limited,INE0KBH01020
Blue Pearl Agriventures Limite,INE439N01031
Blue Star Limited,INE472A01039
BLUEGOD ENTERTAINMENT LIMITED,INE924N01024
BlueStone Jewellery and Lifest,INE304W01038
Bluspring Enterprises Limited,INE0U4101014
BMW INDUSTRIES LIMITED,INE374E01021
BMW Ventures Limited,INE965W01036
BN AGROCHEM LIMITED,INE00HZ01011
BNR UDYOG LTD.,INE355C01016
Bodal Chemicals Limited,INE338D01028
Bodhi Tree Multimedia Limited,INE0EEJ01023
Bodhtree Consulting Limited,INE104F01029
Bohra Industries Limited,INE802W01023
Bombay Burmah Trading Corporation Limited,INE050A01025
BOMBAY CYCLE & MOTOR AGENCY LT,INE691K01017
Bombay Dyeing & Mfg Company Limited,INE032A01023
BOMBAY OXYGEN INVESTMENTS LIMI,INE01TL01014
Bombay Super Hybrid Seeds Limited,INE032Z01020
BOMBAY TALKIES LIMITED,INE910D01024
BOMBAY WIRE ROPES LTD.,INE089T01023
Bondada Engineering Limited,INE0Q8P01029
BONLON INDUSTRIES LIMITED,INE0B9A01018
Borana Weaves Limited,INE16SF01016
Borosil Limited,INE02PY01013
BOROSIL RENEWABLES LIMITED,INE666D01022
Borosil Scientific Limited,INE02L001032
BOSCH HOME COMFORT INDIA LIMIT,INE782A01015
Bosch Limited,INE323A01026
BOSTON BIO SYSTEMS LTD.,INE109B01019
BPL Limited,INE110A01019
BRADY & MORRIS ENGINEERING CO.,INE856A01017
BRAHMAPUTRA INFRASTRUCTURE LTD,INE320I01017
Brainbees Solutions Limited,INE02RE01045
Brand Concepts Limited,INE977Y01011
BRAWN BIOTECH LTD.,INE899B01015
BRIDGE SECURITIES LTD.,INE958C01025
Brigade Enterprises Limited,INE791I01019
Brigade Hotel Ventures Limited,INE03NU01014
BRIGHT BROTHERS LTD.,INE630D01010
Bright Outdoor Media Limited,INE0OMI01019
B-RIGHT REALESTATE LIMITED,INE0IZQ01016
Brightcom Group Limited,INE425B01027
BRIJLAXMI LEASING & FINANCE LT,INE957E01031
Brisk Technovision Limited,INE0Q6L01014
Britannia Industries Limited,INE216A01030
Brookfield India Real Estate T,INE0FDU25010
Brooks Laboratories Limited,INE650L01011
BSE Limited,INE118H01025
BSEL ALGO LIMITED,INE395A01016
BSL Limited,INE594B01012
BUTTERFLY GANDHIMATHI APPLIANC,INE295F01017
C.E. Info Systems Limited,INE0BV301023
C.J.GELATINE PRODUCTS LTD.,INE557D01015
CAGL-23-11-27-NCD,INE741K07504
CALCOM VISION LTD.,INE216C01010
CALIFORNIA SOFTWARE CO.LTD.,INE526B01014
CAMBRIDGE TECHNOLOGY ENTERPRIS,INE627H01017
CAMEX LTD.,INE198C01010
Camlin Fine Sciences Limited,INE052I01032
Campus Activewear Limited,INE278Y01022
Can Fin Homes Limited,INE477A01020
Canara Bank,INE476A01022
Canara HSBC Life Insurance Com,INE01TY01017
Canara Robeco Asset Management,INE218I01013
CANDOUR TECHTEX LIMITED,INE713D01055
Cantabil Retail India Limited,INE068L01024
Capacit'e Infraprojects Limite,INE264T01014
Capillary Technologies India L,INE0ILV01024
Capital India Finance Limited,INE345H01024
Capital Infra Trust,INE0Z8Z23013
Capital Small Finance Bank Limited,INE646H01017
CAPITAL TRADE LINKS LTD,INE172D01021
Capital Trust Limited,INE707C01018
CAPITALNUMBERS INFOTECH  LIMIT,INE0WXM01011
Caplin Point Laboratories Limited,INE475E01026
Capri Global Capital Limited,INE180C01042
CAPRIHANS INDIA LTD.,INE479A01018
Captain Pipes Limited,INE513R01026
CAPTAIN POLYPLAST LTD,INE536P01021
Captain Technocast Limited,INE931X01010
Carborundum Universal Limited,INE120A01034
CARE Ratings Limited,INE752H01013
Career Point Edutech Limited,INE0P6P01016
Carraro India Limited,INE0V7W01012
Cartrade Tech Limited,INE290S01011
CARYSIL LIMITED,INE482D01024
CASPIAN CORPORATE SERVICES LIM,INE176N01039
Castrol India Limited,INE172A01027
CATVISION  LIMITED,INE660B01011
CCIL-10.5%19-12-26-NCD,INE051307BQ4
CCIL-10.50%-11-5-27-NCD,INE051307BZ5
CCIL-10-9-31-NCD,INE051307CC2
CCIL-11.30%-10-11-28-NCD,INE051307CD0
CCIL-11.50%-11-1-28-NCD,INE051307AB8
CCIL-12%-19-6-30-NCD,INE051307BT8
CCIL-19-4-31-NCD,INE051307BV4
CCIL-ZC-9-3-29-NCD,INE051307AE2
CCL INTERNATIONAL LTD.,INE778E01031
CCL Products (India) Limited,INE421D01022
CDG PETCHEM LIMITED,INE198N01017
CEAT Limited,INE482A01020
CEENIK EXPORTS (INDIA) LTD.,INE418D01010
CEETA INDUSTRIES LTD.,INE760J01012
Ceigall India Limited,INE0AG901020
CEINSYS TECH LIMITED,INE016Q01014
Celebrity Fashions Limited,INE185H01016
CELLA SPACE LIMITED,INE266H01014
Cello World Limited,INE0LMW01024
CEMANTIC INFRA-TECH LIMITED,INE222B01028
Cemindia Projects Limited,INE686A01026
CENLUB INDUSTRIES LTD.,INE627F01011
CENTENIAL SURGICAL SUTURE LTD.,INE405H01018
Central Bank of India,INE483A01010
Central Depository Services (India) Limited,INE736A01011
Centrum Capital Limited,INE660C01027
Centum Electronics Limited,INE320B01020
Century Enka Limited,INE485A01015
Century Extrusions Limited,INE281A01026
CENTURY PLYBOARDS (I) LTD.,INE348B01021
Cera Sanitaryware Limited,INE739E01017
CEREBRA INTEGRATED TECHNOLOGIE,INE345B01019
CESC Limited,INE486A01021
CFF FLUID CONTROL LIMITED,INE0NJ001013
CG Power and Industrial Soluti,INE067A01029
CGCL-9.7%-13-10-35-NCD,INE180C07213
CG-VAK SOFTWARE & EXPORTS LTD.,INE084D01010
Chalet Hotels Limited,INE427F01016
CHALLANI CAPITAL LIMITED,INE807A01010
Chaman Lal Setia Exports Limited,INE419D01026
CHAMBAL BREWERIES & DISTILLERI,INE417N01011
CHAMBAL FERTILISERS & CHEMICAL,INE085A01013
Chandni Machines Limited,INE01GZ01011
CHANDRA PRABHU INTERNATIONAL L,INE368D01025
Chandrima Mercantiles limited,INE371F01024
CHARTERED CAPITAL & INVESTMENT,INE953B01010
CHARTERED LOGISTICS LTD.,INE558F01026
CHATHA FOODS LIMITED,INE0AH901011
Chatterbox Technologies Limite,INE1B4801017
CHD Chemicals Limited,INE043U01010
Checkpoint Trends Limited,INE396H01019
CHEMBOND CHEMICALS  LIMITED,INE0TGX01019
Chembond Material Technologies,INE995D01025
Chemcon Speciality Chemicals L,INE03YM01018
Chemcrux Enterprises Limited,INE298W01016
Chemfab Alkalis Limited,INE783X01023
Chemkart India Limited,INE0VWL01017
Chemplast Sanmar Limited,INE488A01050
CHEMTECH INDUSTRIAL VALVES LTD,INE212P01011
CHENNAI FERROUS INDUSTRIES LIM,INE777O01016
CHENNAI MEENAKSHI MULTISPECIAL,INE889F01017
CHENNAI PETROLEUM CORPORATION,INE178A01016
CHEVIOT CO.LTD.,INE974B01016
Chiraharit Limited,INE12P101018
CHL LTD.,INE790D01020
Choice International Limited,INE102B01014
Choice Mutual Fund,INF2KCX01012
CHOKSI ASIA LIMITED,INE865B01016
CHOKSI LABORATORIES LTD.,INE493D01013
CHOLAMANDALAM FINANCIAL HOLDIN,INE149A01033
CHOLAMANDALAM INVESTMENT AND F,INE121A01024
CHORDIA FOOD PRODUCTS LTD.,INE975C01011
CHOWGULE STEAMSHIPS LTD.,INE490A01015
CHPL Industries Ltd.,INE714Q01014
Chrome Silicon Limited,INE114E01013
CIAN Agro Ind & Infra Ltd,INE052V01019
CIE Automotive India Limited,INE536H01010
CIFCL-8.40%-4-5-28-NCD,INE121A07QY9
Cigniti Technologies Limited,INE675C01017
CIL SECURITIES LTD.,INE830A01012
Cineline India Limited,INE704H01022
Cinevista Limited,INE039B01026
Cipla Limited,INE059A01026
CIPL-ZC-17-3-28-PVT,INE0Z4807015
CITADEL REALTY AND DEVELOPERS,INE906D01014
CITIPORT FINANCIAL SERVICES LT,INE494D01011
CITY PULSE MULTIVENTURES LIMIT,INE056001014
City Union Bank Limited,INE491A01021
CITYMAN LTD.,INE117C01010
CL Educate Limited,INE201M01029
Classic Filaments Limited,INE181U01018
Classic Leasing & Finance Ltd.,INE949C01016
Clean Science and Technology L,INE227W01023
Clinitech Laboratory Limited,INE0QMR01015
CLIO INFOTECH LTD.,INE011B01017
CLN ENERGY LIMITED,INE0WDX01010
CMS Info Systems Limited,INE925R01014
CMX HOLDINGS LIMITED,INE027F01014
Coal India Limited,INE522F01014
Coastal Corporation Limited,INE377E01024
COCHIN MALABAR ESTATES & INDUS,INE788M01017
COCHIN MINERALS & RUTILE LTD.,INE105D01013
Cochin Shipyard Limited,INE704P01025
Coffee Day Enterprises Limited,INE335K01011
Coforge Limited,INE591G01025
Cohance Lifesciences Limited,INE03QK01018
Colgate Palmolive (India) Limited,INE259A01022
COLINZ LABORATORIES LTD.,INE923C01011
COLORCHIPS NEW MEDIA LIMITED,INE621I01042
COMFORT COMMOTRADE LTD.,INE456N01019
COMFORT FINCAP LTD.,INE274M01026
COMFORT INTECH LTD.,INE819A01049
Commercial Syn Bags Limited,INE073V01015
COMPETENT AUTOMOBILES CO.LTD.,INE823B01015
Compuage Infocom Limited,INE070C01037
Compucom Software Limited,INE453B01029
Computer Age Management Servic,INE596I01020
COMPUTER POINT LTD.,INE607B01012
Comrade Appliances Limited,INE0NXA01015
CONART ENGINEERS LTD.,INE714D01020
Concord Biotech Limited,INE338H01029
Concord Control Systems Limite,INE0N0J01014
Concord Drugs Limited,INE858L01010
Concord Enviro Systems Limited,INE037Z01029
CONFIDENCE FUTURISTIC ENERGETE,INE700F01024
Confidence Petroleum India Limited,INE552D01024
Consecutive Commodities Limite,INE187R01029
CONSOLIDATED CONSTRUCTION CONS,INE429I01024
Consolidated Finvest & Holdings Limited,INE025A01027
CONTAINE TECHNOLOGIES LIMITED,INE0M8901010
CONTAINER CORPORATION OF INDIA,INE111A01025
Containerway International Lim,INE319U01022
CONTIL INDIA LTD.,INE080G01029
CONTINENTAL CONTROLS LTD.,INE545B01022
CONTINENTAL PETROLEUMS LTD.,INE369D01023
Continental Securities Limited,INE183Q01020
Control Print Limited,INE663B01015
CORAL INDIA FINANCE & HOUSING,INE558D01021
CORAL LABORATORIES LTD.,INE683E01017
CORAL NEWSPRINTS LTD.,INE715D01019
Cords Cable Industries Limited,INE792I01017
COROMANDEL ENGINEERING COMPANY,INE312J01012
Coromandel International Limited,INE169A01031
CORONA Remedies Limited,INE02ZQ01018
Corporate Merchant Bankers Lim,INE850R01014
COSCO (INDIA) LTD.,INE949B01018
Cosmic CRF Limited,INE0ORA01015
COSMO FERRITES LTD.,INE124B01018
COSMO FIRST LIMITED,INE757A01017
COSYN Limited,INE029B01019
Country Club Hospitality & Holidays Limited,INE652F01027
Country Condo's Limited,INE695B01025
COVANCE SOFTSOL LIMITED,INE0R8101016
COVIDH,INE899M01020
CP Capital Limited,INE521J01018
CPSE ETF,INF457M01133
Craftsman Automation Limited,INE00LO01017
Crane Infrastructure Limited,INE176L01017
CRANES SOFTWARE INTERNATIONAL,INE234B01023
CRANEX LTD.,INE608B01010
CRAVATEX LTD.,INE145E01017
Creative Castings Limited,INE146E01015
Creative Eye Limited,INE230B01021
Creative Newtech Limited,INE985W01018
CREDENT GLOBAL FINANCE LIMITED,INE727C01024
CREDITACCESS GRAMEEN LIMITED,INE741K01010
Credo Brands Marketing Limited,INE220Q01020
CRESSANDA RAILWAY SOLUTIONS LI,INE716D01033
CREST,INE559D01011
CRESTCHEM LTD.,INE293N01016
CRISIL Limited,INE007A01025
Crizac Limited,INE0S4R01014
CROISSANCE LIMITED,INE587J01027
Crompton Greaves Consumer Elec,INE299U01018
CROPSTER AGRO LIMITED,INE293E01031
Crown Lifters Limited,INE491V01019
CRYOGENIC OGS LIMITED,INE0TL001013
CRYSTAL BUSINESS SYSTEM LIMITE,INE994R01028
CSB Bank Limited,INE679A01013
CSL Finance Limited,INE718F01018
Cubex Tubings Limited,INE144D01012
CUBICAL FINANCIAL SERVICES LTD,INE717D01023
Cummins India Limited,INE298A01020
CUPID BREWERIES AND DISTILLERI,INE108G01010
Cupid Limited,INE509F01029
Cura Technologies Limited,INE117B01020
CVL-12%-23-6-27-PVT,INE559D08032
CWD Limited,INE0H8H01019
CYBELE INDUSTRIES LTD.,INE183D01010
Cyber Media (India) Limited,INE278G01037
CYBERTECH SYSTEMS AND SOFTWARE,INE214A01019
Cyient DLM Limited,INE055S01018
Cyient Limited,INE136B01020
D B CORP LTD,INE950I01011
D P ABHUSHAN LIMITED,INE266Y01019
D P Wires Limited,INE864X01013
D&H INDIA LTD,INE589D01018
Dabur India Limited,INE016A01026
Dachepalli Publishers Limited,INE1F9M01018
DAI-ICHI KARKARIA LTD.,INE928C01010
DAIKAFFIL CHEMICALS INDIA LTD.,INE789B01018
DALAL STREET INVESTMENTS LTD.,INE422D01012
Dalmia Bharat Limited,INE00R701025
DALMIA BHARAT SUGAR AND INDUST,INE495A01022
DALMIA INDUSTRIAL DEVELOPMENT,INE642P01019
Dam Capital Advisors Limited,INE284H01025
Damodar Industries Limited,INE497D01022
Dangee Dums Limited,INE688Y01022
DANLAW TECHNOLOGIES INDIA LTD.,INE310B01013
DANUBE INDUSTRIES LIMITED,INE575D01041
DARJEELING INDUSTRIIES LIMITED,INE830S01014
Darshan Orna Limited,INE671T01028
Data Patterns (India) Limited,INE0IX101010
Datamatics Global Services Limited,INE365B01017
DAULAT SECURITIES LTD.,INE108C01019
Davangere Sugar Company Limite,INE179G01029
DB (INTERNATIONAL) STOCK BROKE,INE921B01025
Dc Infotech and Communication,INE0A1101019
DCAL-10%-26-03-27-PVT,INE385W07042
DCB Bank Limited,INE503A01015
DCM  Limited,INE498A01018
DCM Financial Services Limited,INE891B01012
DCM Nouvelle Limited,INE08KP01019
DCM Shriram Industries Limited,INE843D01027
DCM Shriram Limited,INE499A01024
DCW Limited,INE500A01029
DCX Systems Limited,INE0KL801015
DDEV PLASTIKS INDUSTRIES LIMIT,INE0HR601026
De Nora India Limited,INE244A01016
Debock Industries Limited,INE411Y01011
Deccan Cements Limited,INE583C01021
DECCAN GOLD MINES LTD.,INE945F01025
Deccan Health Care Limited,INE452W01019
DECCAN POLYPACKS LTD.,INE132E01015
DECIPHER LABS LIMITED,INE643N01012
DECO-MICA LTD.,INE907E01010
Decorous Investment and Tradin,INE183R01010
DEE DEVELOPMENT ENGINEERS LIMI,INE841L01016
Deep Diamond India Limited,INE005G01026
Deep Industries Limited,INE0FHS01024
Deep Polymers Limited,INE00IY01012
Deepak Builders & Engineers India Limited,INE0OPA01019
DEEPAK CHEMTEX LIMITED,INE0RDM01013
DEEPAK FERTILISERS & PETROCHEM,INE501A01019
Deepak Nitrite Limited,INE288B01029
DEEPAK SPINNERS LTD.,INE272C01013
Defrail Technologies Limited,INE0ZE201010
Delhivery Limited,INE148O01028
DELPHI WORLD MONEY LIMITED,INE726L01019
Delta Corp Limited,INE124G01033
Delta Industrial Resources Lim,INE681Q01015
Delta Manufacturing Limited,INE393A01011
DELTON CABLES LTD.,INE872E01016
Den Networks Limited,INE947J01015
DENIS CHEM LAB LTD,INE051G01012
Denta Water and Infra Solution,INE0R4L01018
Desco Infratech Limited,INE0TGG01014
Dev Accelerator Limited,INE0VOV01021
DEV INFORMATION TECHNOLOGY LIM,INE060X01034
Dev Labtech Venture Limited,INE0NIJ01017
DEVINE IMPEX LTD.,INE455C01014
Devyani International Limited,INE872J01023
Dhabriya Polywood Limited,INE260R01016
Dhampur Bio Organics Limited,INE0I3401014
Dhampur Sugar Mills Limited,INE041A01016
DHAMPURE SPECIALITY SUGARS LTD,INE956B01013
DHANALAXMI ROTO SPINNERS LTD.,INE220C01012
Dhanashree Electronics Limited,INE413F01016
Dhanlaxmi Bank Limited,INE680A01011
DHANSAFAL FINSERVE LIMITED,INE195E01020
Dhanuka Agritech Limited,INE435G01025
DHARAN INFRA-EPC LIMITED,INE278R01034
DHARANI FINANCE LTD.,INE899D01011
Dharmaj Crop Guard Limited,INE00OQ01016
DHARNI CAPITAL SERVICES LIMITE,INE0M9Q01011
Dhatre Udyog Limited,INE715T01031
DHENU BUILDCON INFRA LTD.,INE758D01027
Dhillon Freight Carrier Limite,INE0SPJ01011
DHOOT INDUSTRIAL FINANCE LTD.,INE313G01016
DHP INDIA LTD.,INE590D01016
Dhruv Consultancy Services Lim,INE506Z01015
DHRUVA CAPITAL SERVICES LTD.,INE972E01014
Dhunseri Investments Limited,INE320L01011
Dhunseri Tea & Industries Limited,INE341R01014
Dhunseri Ventures Limited,INE477B01010
DHYAANI TRADEVENTTURES LIMITED,INE0K5F01014
Diamines & Chemicals Limited,INE591D01014
DIAMOND POWER INFRASTRUCTURE L,INE989C01038
DIANA TEA CO.LTD.,INE012E01035
DIC India Limited,INE303A01010
Diffusion Engineers Limited,INE184O01015
Digicontent Limited,INE03JI01017
Digidrive Distributors Limited,INE0PSC01024
DIGILOGIC SYSTEMS LIMITED,INE1OOT01028
DiGiSPICE Technologies Limited,INE927C01020
Digitide Solutions Limited,INE0U4701011
Digjam Limited,INE731U01028
Diksha Greens Limited,INE01GR01018
DILIGENT INDUSTRIES LTD.,INE650C01036
Diligent Media Corporation Lim,INE016M01021
Dilip Buildcon Limited,INE917M01012
DINDIGUL FARM PRODUCT LIMITED,INE0S6R01027
DIPNA PHARMACHEM LIMITED,INE0MC401013
DISA INDIA LTD.,INE131C01011
Dish TV India Limited,INE836F01026
DISHA RESOURCES LIMITED,INE193D01019
Dishman Carbogen Amcis Limited,INE385W01011
DIVGI TORQTRANSFER SYSTEMS LIM,INE753U01022
Divi's Laboratories Limited,INE361B01024
DIVYASHAKTI LIMITED,INE410G01010
Dixon Technologies (India) Lim,INE935N01020
DJ Mediaprint & Logistics Limi,INE0B1K01014
DJS STOCK & SHARES LTD.,INE234E01027
DKGFSF-11%-7-1-28-PVT,INE179P07613
DKGFSPL-11%-18-7-27-PVT,INE179P07597
DLF Limited,INE271C01023
D-Link (India) Limited,INE250K01012
DMCC SPECIALITY CHEMICALS LIMI,INE505A01010
Dodla Dairy Limited,INE021O01019
Dolat Algotech Limited,INE966A01022
Dolfin Rubbers Limited,INE666Y01010
Dollar Industries Limited,INE325C01035
Dolphin Kitchen Utensils and A,INE0QXT01018
DOLPHIN OFFSHORE ENTERPRISES (,INE920A01037
DOMS Industries Limited,INE321T01012
Donear Industries Limited,INE668D01028
DPSC Limited,INE360C01024
DR LALCHANDANI LABS LIMITED,INE871Z20013
Dr. Agarwal's Health Care Limi,INE943P01029
Dr. Lal Path Labs Ltd.,INE600L01024
Dr. Reddy's Laboratories Limited,INE089A01031
DR.AGARWALS EYE HOSPITAL LTD.,INE934C01018
DRA CONSULTANTS LIMITED,INE746V01016
DRC Systems India Limited,INE03RS01027
Dreamfolks Services Limited,INE0JS101016
DREDGING CORPORATION OF INDIA,INE506A01018
Droneacharya Aerial Innovation,INE0MQD01015
DSJ Keep Learning Limited,INE055C01020
DSM Fresh Foods Limited,INE0SUM01015
DSP BlackRock Mutual Fund,INF740KA1EU7
DSP BSE Liquid Rate ETF,INF740KA1UM0
DSP BSE Sensex ETF,INF740KA1SZ6
DSP Mutual Fund,INF740KA1QK2
DSP Mutual Fund,INF740KA1QL0
DSP Mutual Fund,INF740KA1CL0
DSP Mutual Fund,INF740KA1RE3
DSP Mutual Fund,INF740KA1SW3
DSP Mutual Fund,INF740KA1SY9
DSP Mutual Fund,INF740KA1TA7
DSP Mutual Fund,INF740KA1UR9
DSP Mutual Fund,INF740KA1VE5
DSP Mutual Fund,INF740KA1WU9
DSP Mutual Fund,INF740KA1WX3
DSP Mutual Fund,INF740KA1WW5
DSP Mutual Fund,INF740KA1XU7
Ducon Infratechnologies Limited,INE741L01018
DUKE OFFSHORE LTD.,INE397G01019
Duncan Engineering Limited,INE340F01011
DUROPLY INDUSTRIES LIMITED,INE932D01010
Dwarikesh Sugar Industries Limited,INE366A01041
DYNACONS SYSTEMS & SOLUTIONS L,INE417B01040
Dynamatic Technologies Limited,INE221B01012
Dynamic Cables Limited,INE600Y01019
DYNAMIC INDUSTRIES LTD.,INE457C01010
DYNAMIC PORTFOLIO MANAGEMENT &,INE118C01018
DYNAVISION LTD.,INE083E01010
Dynemic Products Limited,INE256H01015
E.I.D.-PARRY (INDIA) LTD.,INE126A01031
E2E Networks Limited,INE255Z01019
Earthstahl & Alloys Limited,INE0O4V01010
East India Drums and Barrels M,INE191C01023
EAST WEST FREIGHT CARRIERS LTD,INE595R01023
EASTERN TREADS LTD.,INE500D01015
Easy Trip Planners Limited,INE07O001026
ECL-9.25%-22-3-28-NCD,INE528S07128
eClerx Services Limited,INE738I01010
ECO HOTELS AND RESORTS LIMITED,INE638N01012
ECO RECYCLING LTD.,INE316A01038
ECOBOARD INDUSTRIES LTD.,INE866A01016
Econo Trade (India) Limited,INE937K01014
ECOPLAST LTD.,INE423D01010
ECOS (India) Mobility & Hospit,INE06HJ01020
ECS Biztech Limited,INE925Q01024
EDELWEISS FINANCIAL SERVICES L,INE532F01054
Edelweiss Mutual Fund,INF754K01KO2
Edelweiss Mutual Fund,INF754K01LE1
Edelweiss Mutual Fund,INF754K01OB1
Edelweiss Mutual Fund,INF754K01QX0
Edelweiss Mutual Fund,INF754K01TX4
Edelweiss Mutual Fund,INF754K01VY8
Edvenswa Enterprises Limited,INE125G01014
EEL-27-01-27-PVT,INE468N07BC5
EEL-ZC-03-4-26-PVT,INE468N07623
EFC (I) Limited,INE886D01026
EFCL-30-10-28-PVT,INE836K07312
EFCL-8-4-27-PVT,INE836K07056
EFL-10.15%-4-1-29-NCD,INE804IA7014
EFL-9.43%-6-8-28-NCD,INE804I078Y8
EFSL-10%-20-1-33-NCD,INE532F07DH9
EFSL-10%-21-7-33-NCD,INE532F07EI5
EFSL-10%-26-10-33-NCD,INE532F07EL9
EFSL-10%-27-4-33-NCD,INE532F07DX6
EFSL-10%-29-1-34-NCD,INE532F07FB7
EFSL-10.10%-12-12-35-NCD,INE532F07IK2
EFSL-10.25%-7-10-35-NCD,INE532F07IF2
EFSL-10.49%-24-1-35-NCD,INE532F07GT7
EFSL-10.49%-26-7-34-NCD,INE532F07FZ6
EFSL-10.49%-30-04-35-NCD,INE532F07HG2
EFSL-10.50%-24-10-29-NCD,INE532F07GF6
EFSL-10.50%-24-10-29-NCD,INE532F07GH2
EFSL-10.50%-24-7-35-NCD,INE532F07HR9
EFSL-10-9-26-NCD,INE532F07CH1
EFSL-11%-24-10-34-NCD,INE532F07GL4
EFSL-11%-30-04-35-NCD,INE532F07HB3
EFSL-24-10-26-NCD,INE532F07GC3
EFSL-29-4-29-NCD,INE532F07FH4
EFSL-9%-29-4-26-NCD,INE532F07FF8
EFSL-9.03%-12-12-28-NCD,INE532F07IL0
EFSL-9.12%-7-10-28-NCD,INE532F07IA3
EFSL-9.15%-10-9-26-NCD,INE532F07CF5
EFSL-9.15%-28-12-26-NCD,INE532F07CQ2
EFSL-9.20%-29-1-27-NCD,INE532F07EU0
EFSL-9.30%-10-9-31-NCD,INE532F07CI9
EFSL-9.35%-20-10-27-NCD,INE532F07DB2
EFSL-9.44%-12-12-30-NCD,INE532F07IP1
EFSL-9.50%-24-10-26-NCD,INE532F07GB5
EFSL-9.55%-10-9-26-NCD,INE532F07CG3
EFSL-9.55%-29-4-26-NCD,INE532F07BY8
EFSL-9.67%-21-7-28-NCD,INE532F07EG9
EFSL-9.67%-27-4-28-NCD,INE532F07DT4
EFSL-9.67%-29-1-29-NCD,INE532F07EY2
EFSL-9.67%-29-4-29-NCD,INE532F07FN2
EFSL-9.75%-20-10-27-NCD,INE532F07DC0
EFSLD-10.25%-24-7-30-NCD,INE532F07HW9
EFSL-ZC-29-4-26-NCD,INE532F07BZ5
EFSL-Zero Coupon-20-1-28-NCD,INE532F07DG1
Eicher Motors Limited,INE066A01021
Eighty Jewellers Limited,INE0KSN01014
EIH Associated Hotels Limited,INE276C01014
EIH Limited,INE230A01023
EIKO LIFESCIENCES LIMITED,INE666Q01016
Eimco Elecon (India) Limited,INE158B01016
EKAM LEASING & FINANCE CO.LTD.,INE906L01025
Ekansh Concepts Limited,INE005E01013
EKI Energy Services Limited,INE0CPR01018
EL FORGE LTD.,INE158F01017
E-Land Apparel Limited,INE311H01018
ELANGO INDUSTRIES LTD.,INE594D01018
ELANTAS BECK INDIA LTD.,INE280B01018
ELCID INVESTMENTS LTD.,INE927X01018
ELDECO HOUSING & INDUSTRIES LT,INE668G01021
ELECON ENGINEERING CO.LTD.,INE205B01031
Electronics Mart India Limited,INE02YR01019
Electrosteel Castings Limited,INE086A01029
Electrotherm (India) Limited,INE822G01016
ELEGANT FLORICULTURE & AGROTEC,INE152E01013
ELEGANT MARBLES & GRANI INDUST,INE095B01010
Elgi Equipments Limited,INE285A01027
Elgi Rubber Company Limited,INE819L01012
Elin Electronics Limited,INE050401020
ELITECON INTERNATIONAL LIMITED,INE669R01026
Elixir Capital Limited,INE785D01012
ELLENBARRIE INDUSTRIAL GASES L,INE236E01022
ELNET TECHNOLOGIES LTD.,INE033C01019
ELPRO INTERNATIONAL LTD.,INE579B01039
Emami Limited,INE548C01032
Emami Paper Mills Limited,INE830C01026
Emami Realty Limited,INE778K01012
Embassy Developments Limited,INE069I01010
Embassy Office Parks REIT,INE041025011
Emcure Pharmaceuticals Limited,INE168P01015
Emerald Finance Limited,INE030Q01015
EMERGENT INDUSTRIAL SOLUTIONS,INE668L01013
EMKAY GLOBAL FINANCIAL SERVICE,INE296H01011
Emmbi Industries Limited,INE753K01015
EMMESSAR BIOTECH & NUTRITION L,INE634B01016
EMMFORCE AUTOTECH LIMITED,INE0SDC01012
Emmvee Photovoltaic Power Limi,INE1C6T01020
EMPIRE INDUSTRIES LTD.,INE515H01014
EMPOWER INDIA LTD.,INE507F01023
EMROCK CORPORATION LIMITED,INE554H01021
EMS Limited,INE0OV601013
eMudhra Limited,INE01QM01018
Enbee Trade &amp; Finance Ltd,INE993I01029
ENCODE PACKAGING INDIA LIMITED,INE900O01014
Endurance Technologies Limited,INE913H01037
Energy Development Company Limited,INE306C01019
Energy Infrastructure Trust,INE05KD23015
Engineers India Limited,INE510A01028
ENKEI WHEELS (INDIA) LTD.,INE130L01014
Entero Healthcare Solutions Li,INE010601016
ENTERPRISE INTERNATIONAL LTD.,INE439G01019
ENTERTAINMENT NETWORK (INDIA),INE265F01028
ENVAIR ELECTRODYNE LTD.,INE601C01013
Enviro Infra Engineers Limited,INE0LLY01014
EPACK Durable Limited,INE0G5901015
Epack Prefab Technologies Limi,INE0MLS01022
EPIC ENERGY LTD.,INE932F01015
Epigral Limited,INE071N01016
EPL Limited,INE255A01020
EPSOM PROPERTIES LTD.,INE601F01016
EPUJA SPIRITECH LIMITED,INE807D01030
EQUIPPP SOCIAL IMPACT TECHNOLO,INE217G01035
Equitas Small Finance Bank Lim,INE063P01018
ERAAYA LIFESPACES LIMITED,INE432F01032
Eris Lifesciences Limited,INE406M01024
ERP SOFT SYSTEMS LTD.,INE308B01017
ESAAR (INDIA) LTD.,INE404L01039
Esab India Limited,INE284A01012
ESAF Small Finance Bank Limited,INE818W01011
Escorp Asset Management Limite,INE953W01016
Escorts Kubota Limited,INE042A01014
ESFL-9.60%-29-1-27-NCD,INE532F07EW6
ESHA MEDIA RESEARCH LIMITED,INE328F01016
ESPIRE HOSPITALITY LIMITED,INE176O01011
ESPL-10.90%-4-2-26-PVT,INE01YL07334
ESPL-11%-5-10-26-PVT,INE01YL07326
Essar Shipping Limited,INE122M01019
ESSEX MARINE LIMITED,INE1IBY01019
Ester Industries Limited,INE778B01029
ETERNAL LIMITED,INE758T01015
Ethos Limited,INE04TZ01018
Euphoria Infotech (India) Limi,INE0PYT01018
Eureka Forbes Limited,INE0KCE01017
EUREKA INDUSTRIES LTD.,INE958A01011
Euro India Fresh Foods Limited,INE546V01010
EURO LEDER FASHION LTD.,INE940E01011
Euro Panel Products Limited,INE505V01016
Euro Pratik Sales Limited,INE198501012
Eurotex Industries and Exports Limited,INE022C01012
Eveready Industries India Limited,INE128A01029
Everest Industries Limited,INE295A01018
Everest Kanto Cylinder Limited,INE184H01027
EVEREST ORGANICS LTD.,INE334C01029
EVERLON FINANCIALS LIMITED,INE339D01034
EVEXIA LIFECARE LIMITED,INE313M01030
Evoq Remedies Limited,INE0JVD01011
EXATO TECHNOLOGIES LIMITED,INE1E4401010
Excel Industries Limited,INE369A01029
Excel Realty N Infra Limited,INE688J01023
Excelsoft Technologies Limited,INE606N01019
Exhicon Events Media Solutions,INE0O8901016
Exicom Tele-Systems Limited,INE777F01014
Exide Industries Limited,INE302A01020
Expleo Solutions Limited,INE201K01015
EXPLICIT FINANCE LTD.,INE335G01019
EXPO ENGINEERING AND PROJECTS,INE561D01025
Exxaro Tiles Limited,INE0GFE01026
F MEC INTERNATIONAL FINANCIAL,INE108T01013
FABTECH TECHNOLOGIES CLEANROOM,INE0HSD01011
Fabtech Technologies Limited,INE0HF201011
FACOR ALLOYS LTD.,INE828G01013
Fairchem Organics Limited,INE0DNW01011
FAMILY CARE HOSPITALS LIMITED,INE146N01016
Faze Three Limited,INE963C01033
FCS Software Solutions Limited,INE512B01022
FDC Limited,INE258B01022
Fedbank Financial Services Lim,INE007N01010
FEDDERS HOLDING LIMITED,INE417D01020
FEDERAL BANK LTD.,INE171A01029
FEDERAL-MOGUL GOETZE (INDIA) L,INE529A01010
FERMENTA BIOTECH LIMITED,INE225B01021
FERTILIZERS & CHEMICALS TRAVAN,INE188A01015
FERVENT SYNERGIES LTD.,INE258M01011
FFSL-9%-26-4-30-PVT,INE007N08023
FGP LTD.,INE512A01016
Fiberweb (India) Limited,INE296C01020
Fiem Industries Limited,INE737H01014
Filatex Fashions Limited,INE185E01021
Filatex India Limited,INE816B01035
FILMCITY MEDIA LTD.,INE600B01033
Fine Organic Industries Limite,INE686Y01026
FINE-LINE CIRCUITS LTD.,INE087E01011
Finelistings Technologies Limi,INE0QOQ01013
Fineotex Chemical Limited,INE045J01034
Finkurve Financial Services Limited,INE734I01027
Fino Payments Bank Limited,INE02NC01014
Finolex Cables Limited,INE235A01022
Finolex Industries Limited,INE183A01024
FIRST CUSTODIAN FUND (INDIA) L,INE609B01018
Firstsource Solutions Limited,INE684F01012
FISCHER MEDICAL VENTURES LIMIT,INE771F01041
Five-Star Business Finance Limited,INE128S01021
Flair Writing Industries Limit,INE00Y201027
FLEX FOODS LTD.,INE954B01018
FLEXITUFF VENTURES INTERNATION,INE060J01017
FLOMIC GLOBAL LOGISTICS LIMITE,INE952M01019
FLUIDOMAT LTD.,INE459C01016
Focus Lighting and Fixtures Limited,INE593W01028
Foods & Inns Limited,INE976E01023
FORBES & COMPANY LTD.,INE518A01013
Forbes Precision Tools and Mac,INE0TT901016
FORCE MOTORS LTD,INE451A01017
Fortis Healthcare Limited,INE061F01013
FORTIS MALAR HOSPITALS LIMITED,INE842B01015
FORTUNE INTERNATIONAL LTD.,INE501D01013
Foseco India Limited,INE519A01011
FOUNDRY FUEL PRODUCTS LTD.,INE617C01027
Franklin Industries Limited,INE789R01022
Fraser And Company Limited,INE184Q01010
Fratelli Vineyards Limited,INE401Z01019
Fredun Pharmaceuticals Limited,INE194R01017
FRONTIER CAPITAL LIMITED,INE977E01013
FRONTIER SPRINGS LTD.,INE572D01014
FRONTLINE CORPORATION LTD.,INE092D01013
FRUITION VENTURE LTD,INE836C01015
FSN E-Commerce Ventures Limite,INE388Y01029
Fujiyama Power Systems Limited,INE12UR01024
FUNDVISER CAPITAL (INDIA) LIMI,INE365H01014
Fusion Finance Limited,INE139R01012
Future Enterprises Limited,INE623B01027
Future Enterprises Limited,IN9623B01058
Future Lifestyle Fashions Limited,INE452O01016
Future Market Networks Limited,INE360L01017
FUTURISTIC SOLUTIONS LTD.,INE241F01011
FYNX CAPITAL LIMITED,INE455H01013
G G Engineering Limited,INE694X01030
G M Polyplast Limited,INE0E2801015
G N A Axles Limited,INE934S01014
G R Infraprojects Limited,INE201P01022
G. G. Dandekar Properties Limi,INE631D01026
G. K. P. Printing & Packaging,INE05QJ01015
G.G.AUTOMOTIVE GEARS LTD.,INE493B01017
G.K.CONSULTANTS LTD.,INE131D01019
G.M.BREWERIES LTD.,INE075D01018
G.S.AUTO INTERNATIONAL LTD.,INE736H01024
Gabion Technologies India Limi,INE1H1501013
Gabriel India Limited,INE524A01029
Gabriel Pet Straps Limited,INE0QZF01012
GACM Technologies Limited,INE224E01028
GACM Technologies Limited,INE224E01036
GAGAN GASES LTD.,INE076D01016
GAIL (India) Limited,INE129A01019
GAJANAN SECURITIES SERVICES LT,INE868G01019
Gala Global Products Limited,INE480S01026
Gala Precision Engineering Lim,INE0RE001014
Galactico Corporate Services L,INE906Y01028
GALADA POWER & TELECOMMUNICATI,INE255C01026
GALAXY AGRICO EXPORTS LTD.,INE803L01016
Galaxy Agrico Exports Ltd.,INE803L20016
GALAXY BEARINGS LTD.,INE020S01012
GALAXY CLOUD KITCHENS LIMITED,INE403B01016
Galaxy Surfactants Limited,INE600K01018
Gallantt Ispat Limited,INE297H01019
Gallard Steel Limited,INE0BUQ01012
GALLOPS ENTERPRISE LTD.,INE755J01012
GAMCO LIMITED,INE890S01026
GAME CHANGERS TEXFAB LIMITED,INE1GUJ01014
Gandhar Oil Refinery (India) L,INE717W01049
Gandhi Special Tubes Limited,INE524B01027
Ganesh Benzoplast Limited,INE388A01029
Ganesh Consumer Products Limit,INE652V01016
GANESH HOUSING LIMITED,INE460C01014
Ganesha Ecosphere Limited,INE845D01014
GANESHA ECOVERSE LIMITED,INE369Q01017
Ganga Forging Limited,INE691Z01023
GANGA PAPERS INDIA LTD.,INE278O01015
Ganges Securities Limited,INE335W01016
Ganon Products Limited,INE162L01017
Garbi Finvest Limited,INE721C01019
Garden Reach Shipbuilders & En,INE382Z01011
GARG FURNACE LTD.,INE194E01015
GARMENT MANTRA LIFESTYLE LIMIT,INE653S01028
GARNET CONSTRUCTION LTD.,INE797D01017
GARNET INTERNATIONAL LTD.,INE590B01010
Garuda Construction and Engine,INE0JVO01026
Garware Hi-Tech Films Limited,INE291A01017
GARWARE MARINE INDUSTRIES LTD.,INE925D01014
GARWARE SYNTHETICS LTD.,INE340D01016
GARWARE TECHNICAL FIBRES LIMIT,INE276A01018
Gateway Distriparks Limited,INE079J01017
Gautam Gems Limited,INE063Z01017
GAYATRI BIOORGANICS LTD.,INE052E01015
Gayatri Highways Limited,INE287Z01012
GAYATRI SUGARS LTD.,INE622E01023
GB Logistics Commerce Limited,INE0RWU01016
GCM SECURITIES LTD,INE168O01026
GDL LEASING & FINANCE LTD.,INE545E01018
GE Power India Limited,INE878A01011
GE Vernova T&D India Limited,INE200A01026
GEE LTD.,INE064H01021
GeeCee Ventures Limited,INE916G01016
Geekay Wires Limited,INE669X01032
Gem Aromatics Limited,INE06XZ01023
GEM Enviro Management Limited,INE0RUJ01013
GEM SPINNERS INDIA LTD.,INE165F01020
GEMSTONE INVESTMENTS LTD.,INE503D01027
General Insurance Corporation,INE481Y01014
Generic Engineering Constructi,INE854S01022
GENESIS IBRC INDIA LIMITED,INE194N01016
GENESYS INTERNATIONAL CORPORAT,INE727B01026
GENNEX LABORATORIES LTD.,INE509C01026
GENOMIC VALLEY BIOTECH LIMITED,INE574D01010
GENPHARMASEC LIMITED,INE861N01036
Gensol Engineering Limited,INE06H201014
Genus Paper & Boards Limited,INE949P01018
Genus Power Infrastructures Limited,INE955D01029
GENUS PRIME INFRA LIMITED,INE256D01014
Geojit Financial Services Limi,INE007B01023
GFL Limited,INE538A01037
GHCL Limited,INE539A01019
GHCL Textiles Limited,INE0PA801013
GHV INFRA PROJECTS LIMITED,INE809Q01020
Gian Life Care Limited,INE063601012
GIC Housing Finance Limited,INE289B01019
Gilada Finance & Investments L,INE918C01029
GILLANDERS ARBUTHNOT & CO.LTD.,INE047B01011
Gillette India Limited,INE322A01010
GINI SILK MILLS LTD.,INE548B01018
Ginni Filaments Limited,INE424C01010
GITA RENEWABLE ENERGY LIMITED,INE776O01018
GK Energy Limited,INE1AG301022
GKW Limited,INE528A01020
GLANCE FINANCE LTD.,INE580D01017
Gland Pharma Limited,INE068V01023
GLAXOSMITHKLINE PHARMACEUTICAL,INE159A01016
Glen Industries Limited,INE0UMC01019
Glenmark Pharmaceuticals Limited,INE935A01035
GLITTEK GRANITES LTD.,INE741B01027
GLOBAL CAPITAL MARKETS LTD.,INE062C01042
Global Education Limited,INE291W01037
Global Health Limited,INE474Q01031
Global Longlife Hospital and R,INE0J2K01014
Global Ocean Logistics India L,INE1ITY01011
GLOBAL OFFSHORE SERVICES LTD.,INE446C01013
Global Surfaces Limited,INE0JSX01015
Global Vectra Helicorp Limited,INE792H01019
Globale Tessile Limited,INE0URU01010
GlobalSpace Technologies Limit,INE632W01016
Globe Civil Projects Limited,INE0V3U01015
Globe Commercials Limited,INE804Q01013
GLOBE ENTERPRISES (INDIA) LIMITED,INE581X01021
Globtier Infotech limited,INE12P601017
GLOBUS CONSTRUCTORS & DEVELOPE,INE064L01015
Globus Spirits Limited,INE615I01010
Gloster Limited,INE350Z01018
Glottis Limited,INE0TQE01026
GMM Pfaudler Limited,INE541A01023
GMR AIRPORTS LIMITED,INE776C01039
GMR Power and Urban Infra Limi,INE0CU601026
GNG Electronics Limited,INE18JU01028
Go Digit General Insurance Lim,INE03JT01014
Go Fashion (India) Limited,INE0BJS01011
Goa Carbon Limited,INE426D01013
GOBLIN INDIA LIMITED,INE492Z01018
GOCL Corporation Limited,INE077F01035
Godavari Biorefineries Limited,INE497S01012
GODAVARI DRUGS LTD.,INE362C01012
GODAWARI POWER & ISPAT LTD.,INE177H01039
Godfrey Phillips India Limited,INE260B01028
Godrej Agrovet Limited,INE850D01014
Godrej Consumer Products Limited,INE102D01028
Godrej Industries Limited,INE233A01035
Godrej Properties Limited,INE484J01027
GOEL CONSTRUCTION COMPANY LIMI,INE0ZOM01013
Goel Food Products Limited,INE0K6L01010
Goenka Business & Finance Limi,INE997C01015
GOKAK TEXTILES LTD.,INE642I01014
Gokaldas Exports Limited,INE887G01027
Gokul Agro Resources Limited,INE314T01033
GOKUL REFOILS & SOLVENT LTD.,INE020J01029
GOLDEN CARPETS LTD.,INE595D01015
Golden Crest Education & Servi,INE222U01010
GOLDEN LEGAND LEASING & FINANC,INE088E01019
Golden Tobacco Limited,INE973A01010
Goldiam International Limited,INE025B01025
GOLECHHA GLOBAL FINANCE LTD.,INE427D01011
Golkonda Aluminium Extrusions,INE327C01031
GOLKUNDA DIAMONDS & JEWELLERY,INE798D01015
Goodluck India Limited,INE127I01024
GOODRICKE GROUP LTD.,INE300A01016
GOODYEAR INDIA LTD.,INE533A01012
GOPAL IRON & STEELS CO.(GUJARA,INE641H01018
Gopal Snacks Limited,INE0L9R01028
GORANI INDUSTRIES LTD.,INE792J01015
GOTHI PLASCON (INDIA) LTD.,INE538G01018
GOURMET GATEWAY INDIA LIMITED,INE512D01028
GOWRA LEASING & FINANCE LTD.,INE225G01012
Goyal Aluminiums Limited,INE705X01026
GOYAL ASSOCIATES LTD.,INE912B01032
GP Petroleums Limited,INE586G01017
GPT Healthcare Limited,INE486R01017
GPT Infraprojects Limited,INE390G01014
GRAMEVA LIMITED,INE578R01011
GRAND OAK CANYONS DISTILLERY L,INE926B01016
GRANDMA TRADING & AGENCIES LTD,INE927M01029
Granules India Limited,INE101D01020
Graphite India Limited,INE371A01025
Grasim Industries Limited,INE047A01021
GRAUER & WEIL (INDIA) LTD.,INE266D01021
GRAVISS HOSPITALITY LTD.,INE214F01026
Gravita India Limited,INE024L01027
GRAVITY (INDIA) LTD.,INE995A01013
GRE Renew Enertech Limited,INE0U8P01015
GREAT EASTERN SHIPPING CO.LTD.,INE017A01032
Greaves Cotton Limited,INE224A01026
GREENCREST FINANCIAL SERVICES,INE414C01045
Greenhitech Ventures Limited,INE0S0701019
Greenlam Industries Limited,INE544R01021
Greenpanel Industries Limited,INE08ZM01014
Greenply Industries Limited,INE461C01038
Gretex Corporate Services Limi,INE199P01028
Grindwell Norton Limited,INE536A01023
GRM Overseas Limited,INE192H01020
GROARC INDUSTRIES INDIA LIMITE,INE042B01012
Grovy India Limited,INE343C01012
GROWINGTON VENTURES INDIA LIMI,INE451S01027
Groww Mutual Fund,INF666M01LM6
GRP Limited,INE137I01015
GS19SEP2058,IN000958C024
GS22SEP33,IN0020200120
GSB FINANCE LTD.,INE777C01011
GSS Infotech Limited,INE871H01011
G-TEC JAINX EDUCATION LIMITED,INE586X01012
GTL Infrastructure Limited,INE221H01019
GTL Limited,INE043A01012
GTN INDUSTRIES LTD.,INE537A01013
GTN TEXTILES LTD.,INE302H01017
GTPL Hathway Limited,INE869I01013
GTT DATA SOLUTIONS LIMITED,INE959B01017
GTV Engineering Limited,INE910R01024
Gufic Biosciences Limited,INE742B01025
GUJARAT ALKALIES & CHEMICALS L,INE186A01019
Gujarat Ambuja Exports Limited,INE036B01030
Gujarat Apollo Industries Limited,INE826C01016
GUJARAT COTEX LTD.,INE004C01028
GUJARAT CRAFT INDUSTRIES LTD.,INE372D01019
GUJARAT CREDIT CORPORATION LTD,INE034B01019
Gujarat Fluorochemicals Limite,INE09N301011
Gujarat Gas Limited,INE844O01030
GUJARAT HOTELS LTD.,INE621C01011
GUJARAT INDUSTRIES POWER CO.LT,INE162A01010
GUJARAT INJECT (KERALA) LTD.,INE659F01014
GUJARAT INTRUX LTD.,INE877E01015
GUJARAT INVESTA LTD.,INE373D01017
GUJARAT KIDNEY AND SUPER SPECI,INE0V0W01025
GUJARAT LEASE FINANCING LTD.,INE540A01017
GUJARAT MINERAL DEVELOPMENT CO,INE131A01031
GUJARAT NARMADA VALLEY FERTILI,INE113A01013
GUJARAT NATURAL RESOURCES LIMI,INE207H01018
GUJARAT PEANUT AND AGRI PRODUC,INE0SIK01014
GUJARAT PETROSYNTHESE LTD.,INE636P01011
Gujarat Pipavav Port Limited,INE517F01014
Gujarat Poly Electronics Limit,INE541F01022
Gujarat Raffia Industries Limited,INE610B01024
GUJARAT STATE FERTILIZERS & CH,INE026A01025
GUJARAT STATE FINANCIAL CORPOR,INE944A01011
Gujarat State Petronet Limited,INE246F01010
GUJARAT TERCE LABORATORIES LTD,INE499G01013
Gujarat Themis Biosyn Limited,INE942C01045
GUJARAT TOOLROOM LTD.,INE145J01032
Gujarat Winding Systems Limite,INE173V01013
Gulf Oil Lubricants India Limited,INE635Q01029
Gulshan Polyols Limited,INE255D01024
GV FILMS LTD.,INE395B01048
GVK Power & Infrastructure Limited,INE251H01024
GVP Infotech Limited,INE382T01030
GYAN DEVELOPERS & BUILDERS LTD,INE487G01018
H.G. Infra Engineering Limited,INE926X01010
H.M. ELECTRO MECH LIMITED,INE0DZD01015
H.P.COTTON TEXTILE MILLS LTD.,INE950C01014
H.S.INDIA LTD.,INE731B01010
Halder Venture Limited,INE115S01010
HALDYN GLASS LTD,INE506D01020
HALEOS LABS LIMITED,INE320X01016
HAMPTON SKY REALTY LIMITED,INE299D01022
HANDSON GLOBAL MANAGEMENT (HGM,INE596H01014
Hannah Joseph Hospital Limited,INE0JVH01012
Happiest Minds Technologies Li,INE419U01012
Happy Forgings Limited,INE330T01021
HARDCASTLE & WAUD MFG.CO.LTD.,INE722D01015
Hardwyn India Limited,INE626Z01029
HARIA APPARELS LTD,INE493N01012
HARIA EXPORTS LTD.,INE772B01014
Hariom Pipe Industries Limited,INE00EV01017
Harish Textile Engineers Limit,INE01K301012
HARIYANA SHIP BREAKERS LTD.,INE400G01011
Harrisons  Malayalam Limited,INE544A01019
Harsha Engineers International,INE0JUS01029
HARSHDEEP HORTICO LIMITED,INE0OLZ01015
HARSHIL AGROTECH LIMITED,INE098E01026
HARYANA CAPFIN LTD.,INE928H01019
HARYANA LEATHER CHEMICALS LTD.,INE681F01018
HASTI FINANCE LTD.,INE671D01014
HATHWAY BHAWANI CABLETEL & DAT,INE525B01016
Hathway Cable & Datacom Limited,INE982F01036
Hatsun Agro Product Limited,INE473B01035
Havells India Limited,INE176B01034
Hawa Engineers ltd.,INE230I01018
HAWKINS COOKERS LTD.,INE979B01015
HAZOOR MULTI PROJECTS LTD.,INE550F01049
HB ESTATE DEVELOPERS LTD.,INE640B01021
HB LEASING & FINANCE CO.LTD.,INE549B01016
HB PORTFOLIO LTD.,INE638B01025
HB Stockholdings Limited,INE550B01022
HBL Engineering Limited,INE292B01021
HCL Infosystems Limited,INE236A01020
HCL Technologies Limited,INE860A01027
HCP PLASTENE BULKPACK LIMITED,INE136C01044
HDB Financial Services Limited,INE756I01012
HDFC Asset Management Company,INE127D01025
HDFC Bank Limited,INE040A01034
HDFC LIFE INSURANCE COMPANY LI,INE795G01014
HDFC Mutual Fund,INF179KC1965
HDFC Mutual Fund,INF179KC1HX2
HDFC Mutual Fund,INF179KC1HY0
HDFC Mutual Fund,INF179KC1HR4
HDFC Mutual Fund,INF179KC1HS2
HDFC Mutual Fund,INF179KC1DI2
HDFC Mutual Fund,INF179KC1DL6
HDFC Mutual Fund,INF179KC1DJ0
HDFC Mutual Fund,INF179KC1DK8
HDFC Mutual Fund,INF179KC1HU8
HDFC Mutual Fund,INF179KC1HV6
HDFC Mutual Fund,INF179KC1IA8
HDFC Mutual Fund,INF179KC1HZ7
HDFC Mutual Fund,INF179KC1EZ4
HDFC Mutual Fund,INF179KC1FB2
HDFC Mutual Fund,INF179KC1HT0
HDFC Mutual Fund,INF179KC1HW4
HDFC MUTUAL FUND - HDFC GOLD E,INF179KC1981
Heads UP Ventures Limited,INE759V01019
HealthCare Global Enterprises,INE075I01017
HEALTHY LIFE AGRITEC LIMITED,INE0L3501015
HEC Infra Projects Limited,INE558R01013
HEERA ISPAT LTD.,INE025D01013
HEG Limited,INE545A01024
HeidelbergCement India Limited,INE578A01017
Helpage Finlease Ltd.,INE738P01015
HEMANG RESOURCES LIMITED,INE930A01010
Hemant Surgical Industries Lim,INE0GYI01028
Hemisphere Properties India Li,INE0AJG01018
HEMO ORGANIC LIMITED,INE422G01015
Heranba Industries Limited,INE694N01015
Hercules Investments Limited,INE688E01024
Heritage Foods Limited,INE978A01027
Hero MotoCorp Limited,INE158A01026
Hester Biosciences Limited,INE782E01017
Heubach Colorants India Limited,INE492A01029
Hexa Tradex Limited,INE750M01017
Hexaware Technologies Limited,INE093A01041
HFCL Limited,INE548A01028
HIGH ENERGY BATTERIES (INDIA),INE783E01023
Highway Infrastructure Limited,INE00RL01028
Hikal Limited,INE475B01022
Hi-Klass Trading and Investmen,INE302R01024
HILIKS TECHNOLOGIES LIMITED,INE966Q01010
Hilltone Software and Gases Lt,INE168C01013
Hilton Metal Forging Limited,INE788H01017
Hilton Metal Forging Ltd-RE,INE788H20025
HIM TEKNOFORGE LIMITED,INE705G01021
Himadri Speciality Chemical Limited,INE019C01026
HIMALAYA FOOD INTERNATIONAL LI,INE552B01010
Himatsingka Seide Limited,INE049A01027
HIND ALUMINIUM INDUSTRIES LTD.,INE227B01019
Hind Rectifiers Limited,INE835D01023
Hindalco Industries Limited,INE038A01020
Hindcon Chemicals Limited,INE642Y01029
HINDOOSTAN MILLS LTD.,INE832D01020
Hindprakash Industries Limited,INE05X901010
Hinduja Global Solutions Limited,INE170I01016
HINDUSTAN ADHESIVES LTD.,INE074C01013
Hindustan Aeronautics Limited,INE066F01020
HINDUSTAN AGRIGENETICS LTD.,INE092301014
HINDUSTAN APPLIANCES LTD.,INE02XD01011
HINDUSTAN BIO SCIENCES LTD.,INE597C01021
Hindustan Composites Limited,INE310C01029
HINDUSTAN CONSTRUCTION CO.LTD.,INE549A01026
Hindustan Copper Limited,INE531E01026
Hindustan Foods Limited,INE254N01026
HINDUSTAN HARDY LIMITED,INE724D01011
Hindustan Media Ventures Limited,INE871K01015
HINDUSTAN MOTORS LTD.,INE253A01025
HINDUSTAN OIL EXPLORATION CO.L,INE345A01011
HINDUSTAN ORGANIC CHEMICALS LT,INE048A01011
HINDUSTAN PETROLEUM CORPORATIO,INE094A01015
HINDUSTAN TIN WORKS LTD.,INE428D01019
Hindustan Unilever Limited,INE030A01027
Hindustan Zinc Limited,INE267A01025
HINDUSTHAN URBAN INFRASTRUCTUR,INE799B01017
Hindware Home Innovation Limit,INE05AN01011
HIPOLIN LTD.,INE963A01011
Hisar Metal Industries Limited,INE598C01011
HIT KIT GLOBAL SOLUTIONS LTD.,INE309B01023
Hitachi Energy India Limited,INE07Y701011
Hitech Corporation Limited,INE120D01012
Hi-Tech Pipes Limited,INE106T01025
HITTCO TOOLS LTD.,INE863C01019
HLE Glascoat Limited,INE461D01028
HLV LIMITED,INE102A01024
HMA Agro Industries Limited,INE0ECP01024
HMT Limited,INE262A01018
Home First Finance Company Ind,INE481N01025
Honasa Consumer Limited,INE0J5401028
HONDA INDIA POWER PRODUCTS LIM,INE634A01018
Honeywell Automation India Limited,INE671A01010
Housing & Urban Development Corporation Limited,INE031A01017
HOUSING DEVELOPMENT & INFRASTR,INE191I01012
HOWARD HOTELS LTD.,INE931B01016
HP Adhesives Limited,INE0GSL01024
HPL Electric & Power Limited,INE495S01016
HRS ALUGLAZE LIMITED,INE1E1V01017
HT Media Limited,INE501G01024
Hubtown Limited,INE703H01016
HUDCO-7.29%-15-3-26-TAXFREENCD,INE031A07AS6
HUDCO-7.64%-8-2-31-TAXFREENCD,INE031A07AO5
HUDCO-7.69%-15-3-31-TAXFREENCD,INE031A07AT4
HUDCO-8.96%-24-3-34-TFBOND,INE031A07AH9
HUDCO-8.98%-24-3-29-TFBOND,INE031A07AG1
Huhtamaki India Limited,INE275B01026
HYBRID FINANCIAL SERVICES LIMI,INE965B01022
HYPERSOFT TECHNOLOGIES LIMITED,INE039D01014
Hyundai Motor India Limited,INE0V6F01027
I G PETROCHEMICALS LTD.,INE204A01010
IB INFOTECH ENTERPRISES LTD.,INE678B01021
ICDS Limited,INE613B01010
Ice Make Refrigeration Limited,INE520Y01019
ICICI Bank Limited,INE090A01021
ICICI Lombard General Insuranc,INE765G01017
ICICI Prudential Asset Managem,INE346A01027
ICICI Prudential BSE 500 ETF,INF109KC1V59
ICICI Prudential BSE Liquid Ra,INF109KC1KT9
ICICI Prudential BSE Midcap Se,INF109KC10W0
ICICI Prudential BSE Sensex ET,INF346A01034
ICICI Prudential Gold ETF,INF109KC1NT3
ICICI Prudential Life Insuranc,INE726G01019
ICICI Prudential Mutual Fund,INF109KB15Y7
ICICI Prudential Mutual Fund,INF109KC1NS5
ICICI Prudential Mutual Fund,INF109KC15I8
ICICI Prudential Mutual Fund,INF109KC18U7
ICICI Prudential Mutual Fund,INF109KC11W8
ICICI Prudential Mutual Fund,INF109KC17V7
ICICI Prudential Mutual Fund,INF109KC16I6
ICICI Prudential Mutual Fund,INF109KC1Q72
ICICI Prudential Mutual Fund,INF109KC19V3
ICICI Prudential Mutual Fund,INF109KC1V42
ICICI Prudential Mutual Fund,INF109KC10V2
ICICI Prudential Mutual Fund,INF109KC1Y56
ICICI Prudential Mutual Fund,INF109KC17C7
ICICI Prudential Mutual Fund,INF109KC16E5
ICICI Prudential Mutual Fund,INF109KC17L8
ICICI Prudential Mutual Fund,INF109KC19O8
ICICI Prudential Mutual Fund,INF109KC10S8
ICICI Prudential Mutual Fund,INF109KC18V5
ICICI Prudential Mutual Fund,INF109KC18W3
ICICI Prudential Mutual Fund,INF109KC19W1
ICICI Prudential Mutual Fund,INF109KC16X5
ICICI Prudential Mutual Fund,INF109K1A153
ICICI Prudential Mutual Fund,INF109K1A344
ICICI Prudential Nifty 100 ETF,INF109KC16V9
ICICI Prudential Nifty ETF,INF109K012R6
ICICI Prudential Nifty Low Vol,INF109KC19U5
ICICI Prudential NV20 ETF,INF109KC11V0
ICLFL-02-01-27-NCD,INE01CYA7146
ICLFL-02-10-31-NCD,INE01CYA7138
ICLFL-02-12-28-NCD,INE01CYA7187
ICLFL-10.50%-02-01-27-NCD,INE01CYA7229
ICLFL-11.50%-02-12-28-NCD,INE01CYA7195
ICLFL-11.75%-02-12-28-NCD,INE01CYA7179
ICLFL-12%-02-12-30-NCD,INE01CYA7161
ICLFL-12.5%-14-12-28-NCD,INE01CY077E1
ICODEX PUBLISHING SOLUTIONS LI,INE111601014
Icon Facilitators Limited,INE0Y0E01012
ICONIK SPORTS AND EVENTS LIMIT,INE088P01015
ICRA Limited,INE725G01011
IDBI Bank Limited,INE008A01015
IDBI MUTUAL FUND - IDBI GOLD E,INF397L01554
Ideaforge Technology Limited,INE349Y01013
IDFC First Bank Limited,INE092T01019
IEC EDUCATION LTD.,INE172B01017
IEL LIMITED,INE056E01024
IFB Agro Industries Limited,INE076C01018
IFB Industries Limited,INE559A01017
IFCI Limited,INE039A01010
IFCI-8.72%V-31-3-27-D-PVT,INE039A09OX6
IFCI-D-10.75%-01-08-26-PVT,INE039A09NL3
IFCI-SR-I-10.75%-1-8-26-PVT,INE039A09NM1
IFGL Refractories Limited,INE133Y01011
IFL ENTERPRISES LIMITED,INE714U01024
IFL-10%-24-6-28-NCD,INE530B08094
IFL-10%-7-2-29-NCD,INE866I08279
IFL-11%-20-8-27-NCD,INE01CYA7021
IFL-11.02%-20-9-26-NCD,INE01CYA7013
IFL-20-6-31-NCD,INE01CY079Z2
IFL-20-9-26-NCD,INE01CYA7054
IFL-8.5%-28-6-26-NCD,INE530B07344
IFL-9.6%-24-6-28-NCD,INE530B08102
IFSL-10.30%-10-11-26-NCD,INE321N07368
Igarashi Motors India Limited,INE188B01013
IGC Industries Limited,INE099S01016
IHFL-8.43%-3-1-29-NCD,INE477L07AQ2
IHFL-8.9%-26-12-29-NCD,INE477L07BG1
IHFL-9.60%-3-11-28-NCD,INE477L08154
IIFCL-8.8%-27-3-29-TFBOND,INE787H07420
IIFL Capital Services Limited,INE489L01022
IIFL Finance Limited,INE530B01024
IIFL-8.65%-25-1-28-NCD,INE530B07310
IIFL-9%-24-1-28-NCD,INE530B07260
IIFL-9%-28-6-28-NCD,INE530B07377
IIRM HOLDINGS INDIA LIMITED,INE670C01026
IITL PROJECTS LIMITED,INE786E01018
IKIO Technologies Limited,INE0LOJ01019
IKOMA TECHNOLOGIES LIMITED,INE164D01010
IL&FS ENGINEERING AND CONSTRUC,INE369I01014
IL&FS Investment Managers Limited,INE050B01023
IL&FS TRANSPORTATION NETWORKS,INE975G01012
IMAGICAAWORLD ENTERTAINMENT LI,INE172N01012
IMEC SERVICES LIMITED,INE611C01020
IML-10.25%-30-10-28-NCD,INE0BUS07CD5
IML-10.75%-15-2-27-NCD,INE0BUS07AS7
IML-11%-18-8-26-PVT,INE0BUS07BN6
IML-11%-24-4-26-NCD,INE0BUS07098
IML-11.25%-03-02-27-PVT,INE0BUS07BU1
IML-11.25%-30-10-30-NCD,INE0BUS07CC7
IML-11.50%-15-2-29-NCD,INE0BUS07AT5
IML-11.75%-23-1-31-PVT,INE0BUS07CI4
IML-30-10-31-NCD,INE0BUS07CA1
IML-9.75%-30-10-27-NCD,INE0BUS07CE3
Impex Ferro Tech Limited,INE691G01015
INANI MARBLES & INDUSTRIES LTD,INE635D01027
INANI SECURITIES LTD.,INE224C01014
INCAP LTD.,INE437C01012
INCON ENGINEERS LTD.,INE507D01010
INCREDIBLE INDUSTRIES LIMITED,INE452L01012
IND BANK HOUSING LTD.,INE969D01012
IND Renewable Energy Ltd,INE138O01029
INDAG RUBBER LTD.,INE802D01023
INDBANK MERCHANT BANKING SERVI,INE841B01017
Indef Manufacturing Limited,INE0O9T01021
Indegene Limited,INE065X01017
INDERGIRI FINANCE LTD.,INE628F01019
INDIA CEMENTS CAPITAL LTD.,INE429D01017
INDIA CEMENTS LTD.,INE383A01012
INDIA FINSEC LTD.,INE474O01010
INDIA GELATINE & CHEMICALS LTD,INE342D01012
India Glycols Limited,INE560A01023
INDIA HOME LOAN LTD.,INE274E01015
India Homes Limited,INE072A01029
INDIA LEASE DEVELOPMENT LTD.,INE333C01013
INDIA MOTOR PARTS & ACCESSORIE,INE547E01014
India Nippon Electricals Limited,INE092B01025
India Pesticides Limited,INE0D6701023
India Shelter Finance Corporat,INE922K01024
INDIA TOURISM DEVELOPMENT CORP,INE353K01014
Indiabulls Limited,INE126M01010
Indiamart Intermesh Limited,INE933S01016
INDIAN ACRYLICS LTD.,INE862B01013
Indian Bank,INE562A01011
INDIAN CARD CLOTHING CO.LTD.,INE061A01014
Indian Energy Exchange Limited,INE022Q01020
INDIAN HOTELS CO.LTD.,INE053A01029
INDIAN HUME PIPE CO.LTD.,INE323C01030
INDIAN INFOTECH & SOFTWARE LTD,INE300B01022
INDIAN LINK CHAIN MANUFACTURES,INE359D01024
INDIAN METALS & FERRO ALLOYS L,INE919H01018
Indian Oil Corporation Limited,INE242A01010
Indian Overseas Bank,INE565A01014
Indian Railway Catering and To,INE335Y01020
Indian Railway Finance Corpora,INE053F01010
Indian Renewable Energy Develo,INE202E01016
INDIAN SUCROSE LTD.,INE557C01017
Indian Terrain Fashions Limited,INE611L01021
INDIAN TONERS & DEVELOPERS LTD,INE826B01018
INDIANIVESH LTD.,INE131H01028
Indigo Paints Limited,INE09VQ01012
IndiGrid Infrastructure Trust,INE219X23014
Indiqube Spaces Limited,INE06ST01018
INDITRADE CAPITAL LIMITED,INE347H01012
Indo Amines Limited,INE760F01028
Indo Borax & Chemicals Limited,INE803D01021
Indo Cotspin Limited,INE407P01017
Indo Count Industries Limited,INE483B01026
INDO EURO INDCHEM LTD.,INE319N01019
Indo Farm Equipment Limited,INE622H01018
INDO RAMA SYNTHETICS (INDIA) L,INE156A01020
INDO SMC Limited,INE0WKY01013
Indo Tech Transformers Limited,INE332H01014
Indo Thai Securities Limited,INE337M01021
Indo Us Biotech Limited,INE250Z01010
Indobell Insulations Limited,INE0FK501019
INDO-CITY INFOTECH LTD.,INE456B01014
Indoco Remedies Limited,INE873D01024
Indogulf Cropsciences Limited,INE05J901018
INDOKEM LTD.,INE716F01012
Indo-National Limited,INE567A01028
INDONG TEA COMPANY LIMITED,INE0KN201016
Indosolar Limited,INE866K01023
IndoStar Capital Finance Limit,INE896L01010
Indowind Energy Limited,INE227G01018
Indraprastha Gas Limited,INE203G01027
INDRAPRASTHA MEDICAL CORP.LTD.,INE681B01017
INDRAYANI BIOTECH LTD.,INE007C01021
INDSIL HYDRO POWER AND MANGANE,INE867D01018
Ind-Swift Laboratories Limited,INE915B01019
INDUCTO STEEL LTD.,INE146H01018
Indus Finance Limited,INE935D01013
Indus Infra Trust,INE0NHL23019
Indus Towers Limited,INE121J01017
IndusInd Bank Limited,INE095A01012
INDUSTRIAL & PRUDENTIAL INVEST,INE620D01011
Industrial Investment Trust Limited,INE886A01014
Infinity Infoway Limited,INE16XA01017
Inflame Appliances Limited,INE464Z01017
Info Edge (India) Limited,INE663F01032
InfoBeans Technologies Limited,INE344S01016
Infomedia Press Limited,INE669A01022
INFORMED TECHNOLOGIES INDIA LT,INE123E01014
Infosys Limited,INE009A01021
INFRONICS SYSTEMS LTD,INE463B01036
Ingersoll Rand (India) Limited,INE177A01018
INNOKAIZ INDIA LIMITED,INE0LDI01022
Innova Captab Limited,INE0DUT01020
Innovana Thinklabs Limited,INE403Y01018
INNOVASSYNTH INVESTMENTS LTD.,INE690J01011
INNOVATIVE TECH PACK LTD.,INE965C01038
INOX GREEN ENERGY SERVICES LIM,INE510W01014
INOX India Limited,INE616N01034
Inox Wind Limited,INE066P01011
Insecticides (India) Limited,INE070I01018
INSOLATION ENERGY LIMITED,INE0LGX01024
Inspirisys Solutions Limited,INE020G01017
INTEC CAPITAL LTD.,INE017E01018
INTEGRA ENGINEERING INDIA LTD.,INE984B01023
Integra Essentia Limited,INE418N01035
Integrated Capital Services Lt,INE682B01023
INTEGRATED HITECH LTD.,INE934A01012
INTEGRATED INDUSTRIES LIMITED,INE882B01037
Intellect Design Arena Limited,INE306R01017
Intense Technologies Limited,INE781A01025
INTER GLOBE FINANCE LTD.,INE661M01016
INTER STATE OIL CARRIER LTD.,INE003B01014
INTERACTIVE FINANCIAL SERVICES,INE064T01018
Interarch Building Solutions L,INE00M901018
InterGlobe Aviation Limited,INE646L01027
INTERNATIONAL COMBUSTION (INDI,INE403C01014
International Conveyors Limited,INE575C01027
INTERNATIONAL DATA MANAGEMENT,INE649R01010
International Gemmological Ins,INE0Q9301021
INTERNATIONAL TRAVEL HOUSE LTD,INE262B01016
Intrasoft Technologies Limited,INE566K01011
INVENTURE GROWTH & SECURITIES,INE878H01024
INVENTURUS KNOWLEDGE SOLUTIONS,INE115Q01022
INVESCO India Gold Exchange Tr,INF205K01361
INVESTMENT & PRECISION CASTING,INE155E01016
Invigorated Business Consultin,INE359A01012
IOL CHEMICALS & PHARMACEUTICAL,INE485C01029
ION Exchange (India) Limited,INE570A01022
IP RINGS LTD.,INE558A01019
IPCA Laboratories Limited,INE571A01038
IRB INFRASTRUCTURE DEVELOPERS,INE821I01022
IRB InvIT Fund,INE183W23014
Ircon International Limited,INE962Y01021
IREDA-8.80%-13-03-29-BOND,INE202E07138
IREDA-8.80%-13-03-34-BOND,INE202E07153
IRFC-7.53%-21-12-30-TAXFREENCD,INE053F07835
IRFC-8.63%-19-03-29-BOND,INE053F07728
IRFC-8.65%-18-2-29-NCD,INE053F07686
Iris Clothings Limited,INE01GN01025
IRIS RegTech Solutions Limited,INE864K01010
IRM Energy Limited,INE07U701015
IRONWOOD EDUCATION LIMITED,INE791H01011
ISF LIMITED,INE973B01026
ISFL-10.03%-21-12-28-NCD,INE413U07269
Isgec Heavy Engineering Limited,INE858B01029
ISHAAN INFRASTRUCTURE AND SHEL,INE818R01011
Ishan Dyes and Chemicals Limit,INE561M01018
ISHITA DRUGS & INDUSTRIES LTD.,INE806D01016
ISL CONSULTING LTD.,INE569B01022
IST LTD.,INE684B01029
ISTREET NETWORK LIMITED,INE532B01020
ITC Hotels Limited,INE379A01028
ITC Limited,INE154A01025
ITCONS E-Solutions Limited,INE0O6A01019
ITI Limited,INE248A01017
ITL INDUSTRIES LTD.,INE478D01014
Ivalue Infosolutions Limited,INE056801025
IVP Limited,INE043C01018
IYKOT HITECH TOOLROOM LTD.,INE079L01013
IZMO Limited,INE848A01014
J.A. Finance Limited,INE825B01010
J.B.CHEMICALS & PHARMACEUTICAL,INE572A01036
J.G.Chemicals Limited,INE0MB501011
J.J.FINANCE CORPORATION LTD.,INE584C01011
J.K.CEMENT LTD.,INE823G01014
J.Kumar Infraprojects Limited,INE576I01022
JACKSON INVESTMENTS LTD,INE508N01025
JAGAN LAMPS LTD.,INE144C01014
JAGATJIT INDUSTRIES LTD.,INE574A01016
JAGJANANI TEXTILES LTD.,INE702H01018
Jagran Prakashan Limited,INE199G01027
Jagsonpal Pharmaceuticals Limited,INE048B01035
JAGSONPAL SERVICES LIMITED,INE582C01015
Jai Balaji Industries Limited,INE091G01026
Jai Corp Limited,INE070D01027
JAI MATA GLASS LTD.,INE250C01027
JAIHIND SYNTHETICS LTD.,INE156E01014
Jain Irrigation Systems Limited,IN9175A01010
Jain Irrigation Systems Limited,INE175A01038
Jain Resource Recycling Limite,INE0YD401026
JAINCO PROJECTS (INDIA) LTD.,INE966C01010
JAINEX AAMCOL LTD.,INE280F01019
JAIPAN INDUSTRIES LTD.,INE058D01030
JAIPRAKASH ASSOCIATES LTD.,INE455F01025
JAIPRAKASH POWER VENTURES LIMI,INE351F01018
JAMES WARREN TEA LTD,INE718P01017
JAMMU & KASHMIR BANK LTD.,INE168A01041
Jamna Auto Industries Limited,INE039C01032
JAMSHRI REALTY LIMITED,INE462D01034
JANA SMALL FINANCE BANK LIMITE,INE953L01027
Jaro Institute of Technology M,INE00YJ01010
JASCH GAUGING TECHNOLOGIES LIM,INE0QXV01014
JASCH INDUSTRIES LTD.,INE711C01028
Jash Engineering Limited,INE039O01029
JATTASHANKAR INDUSTIES LTD.,INE722N01014
JAUSS POLYMERS LTD.,INE593O01017
JAY AMBE SUPERMARKETS LIMITED,INE1DRH01011
Jay Bharat Maruti Limited,INE571B01036
JAY SHREE TEA & INDUSTRIES LTD,INE364A01020
JAY USHIN LTD.,INE289D01015
JAYABHARAT CREDIT LTD.,INE998D01011
Jayant Agro Organics Limited,INE785A01026
JAYANT INFRATECH LIMITED,INE0KR801019
Jayaswal Neco Industries Limited,INE854B01010
JAYATMA INDUSTRIES LIMITED,INE250D01017
Jaykay Enterprises Limited,INE903A01025
JAYSHREE CHEMICALS LTD.,INE693E01016
JAYSYNTH ORGOCHEM LIMITED,INE263B01022
JBM Auto Limited,INE927D01051
JD CABLES LIMITED,INE14VP01014
Jeena Sikho Lifecare Limited,INE0J5801029
Jeevan Scientific Technology L,INE237B01018
JENBURKT PHARMACEUTICALS LTD.,INE354A01013
Jet Freight Logistics Limited,INE982V01025
JETKING INFOTRAIN LTD.,INE919C01019
Jhandewalas Foods Limited,INE841Y01019
JHAVERI CREDITS & CAPITAL LTD.,INE865D01012
JHS Svendgaard Laboratories Limited,INE544H01014
JHS SVENDGAARD RETAIL VENTURES,INE03DD01011
Jigar Cables Limited,INE943X01015
JINDAL CAPITAL LTD.,INE356F01017
JINDAL DRILLING & INDUSTRIES L,INE742C01031
JINDAL HOTELS LTD.,INE726D01016
JINDAL LEASEFIN LIMITED,INE919T01013
Jindal Photo Limited,INE796G01012
Jindal Poly Films Limited,INE197D01010
JINDAL POLY INVESTMENT AND FIN,INE147P01019
Jindal Saw Limited,INE324A01032
Jindal Stainless Limited,INE220G01021
JINDAL STEEL LIMITED,INE749A01030
Jindal Worldwide Limited,INE247D01039
Jinkushal Industries Limited,INE1FF001016
Jio Financial Services Limited,INE758E01017
JITF Infralogistics Limited,INE863T01013
JK AGRI GENETICS LTD,INE690O01011
JK Lakshmi Cement Limited,INE786A01032
JK Paper Limited,INE789E01012
JK Tyre & Industries Limited,INE573A01042
JM Financial Limited,INE780C01023
JMD Ventures Limited,INE047E01031
JMFCSL-9.75%-7-6-28-NCD,INE651J07622
JMFPL-7.91%-7-10-26-NCD,INE523H07BP1
JMJ Fintech Limited,INE242Q01016
JNK India Limited,INE0OAF01028
Jocil Limited,INE839G01010
JOHN COCKERILL INDIA LIMITED,INE515A01019
JOHNSON PHARMACARE LIMITED,INE560F01022
JOINDRE CAPITAL SERVICES LTD.,INE024B01010
JOLLY PLASTIC INDUSTRIES LTD.,INE289M01016
Jonjua Overseas Limited,INE793Z01027
JOSTS ENGINEERING CO.LTD.,INE636D01041
JSL INDUSTRIES LTD.,INE581L01018
JSW Cement Limited,INE718I01012
JSW Energy Limited,INE121E01018
JSW Holdings Limited,INE824G01012
JSW Infrastructure Limited,INE880J01026
JSW Steel Limited,INE019A01038
Jtekt India Limited,INE643A01035
JTL INDUSTRIES LIMITED,INE391J01032
Jubilant Agri and Consumer Pro,INE03CC01015
Jubilant Foodworks Limited,INE797F01020
Jubilant Ingrevia Limited,INE0BY001018
Jubilant Pharmova Limited,INE700A01033
JULIEN AGRO INFRATECH LIMITED,INE890N01027
Jullundur Motor Agency (Delhi) Limited,INE412C01023
JUMBO BAG LTD.,INE699D01015
JUNGLE CAMPS INDIA LIMITED,INE0WCH01015
Juniper Hotels Limited,INE696F01016
JUPITER INFOMEDIA LTD.,INE524N01014
Jupiter Life Line Hospitals Li,INE682M01012
Jupiter Wagons Limited,INE209L01016
Just Dial Limited,INE599M01018
Justo Realfintech Limited,INE0W5Q01017
Jyothy Labs Limited,INE668F01031
Jyoti CNC Automation Limited,INE980O01024
JYOTI LTD.,INE511D01012
JYOTI RESINS & ADHESIVES LTD.,INE577D01013
Jyoti Structures Limited,INE197A01024
K K SILK MILLS LIMITED,INE0EOJ01014
K&R RAIL ENGINEERING LIMITED,INE078T01026
K. V. TOYS INDIA LIMITED,INE1IE301018
K.C.P.LTD.,INE805C01028
K.M.Sugar Mills Limited,INE157H01023
K.P. Energy Limited,INE127T01021
K.P.R. Mill Limited,INE930H01031
K.Z.LEASING & FINANCE LTD.,INE006C01015
KABRA DRUGS LTD.,INE323K01017
Kabra Extrusion Technik Limited,INE900B01029
KABSONS INDUSTRIES LTD.,INE645C01010
KAFL-10.75%-16-12-30-NCD,INE01I507BF5
KAFL-16-7-32-NCD,INE01I507AX0
KAFL-9.5%-1-9-26-NCD,INE01I507AN1
KAFL-9.50%-19-1-27-NCD,INE01I507AY8
KAIRA CAN CO.LTD.,INE375D01012
Kairosoft AI Solutions Limited,INE820M01018
KAISER CORPORATION LIMITED,INE229G01022
KAIZEN AGRO INFRABUILD LIMITED,INE891N01017
Kajaria Ceramics Limited,INE217B01036
Kaka Industries Limited,INE0P3N01018
Kakatiya Cement Sugar & Industries Limited,INE437B01014
KALLAM TEXTILES LTD,INE629F01025
Kalpa Commercial Limited,INE059Q01014
Kalpataru Limited,INE227J01012
KALPATARU PROJECTS INTERNATION,INE220B01022
Kalyan Capitals Limited,INE149Q01021
Kalyan Jewellers India Limited,INE303R01014
Kalyani Cast-Tech Limited,INE0N6U01018
Kalyani Commercials Limited,INE610E01010
Kalyani Forge Limited,INE314G01014
Kalyani Investment Company Limited,INE029L01018
Kalyani Steels Limited,INE907A01026
KAMA HOLDINGS LIMITED,INE411F01010
KAMADGIRI FASHION LTD.,INE535C01013
KAMANWALA HOUSING CONSTRUCTION,INE344D01018
Kamat Hotels (I) Limited,INE967C01018
Kamdhenu Limited,INE390H01020
Kamdhenu Ventures Limited,INE0BTI01037
Kanani Industries Limited,INE879E01037
Kanchi Karpooram Ltd.,INE081G01019
KANCO TEA & INDUSTRIES LIMITED,INE398L01017
KANISHK ALUMINIUM INDIA LIMITE,INE163401016
KANISHK STEEL INDUSTRIES LTD.,INE791E01018
KANORIA CHEMICALS & INDUSTRIES,INE138C01024
KANORIA ENERGY & INFRASTRUCTUR,INE534E01020
Kanpur Plastipack Limited,INE694E01014
Kansai Nerolac Paints Limited,INE531A01024
KANUNGO FINANCIERS LIMITED,INE453S01015
Kapil Raj Finance Ltd.,INE332Q01023
Kapston Services Limited,INE542Z01028
KARAN WOO-SIN LTD.,INE327D01013
Karbonsteel Engineering Limite,INE0V8A01016
Karma Energy Limited,INE725L01011
KARNATAKA BANK LTD.,INE614B01018
Karnavati Finance Limited,INE554R01020
Karnawati Innovation Limited,INE214D01021
Karur Vysya Bank Limited,INE036D01028
KASTURI METAL COMPOSITE LIMITE,INE0T1301023
KATARE SPINNING MILLS LTD.,INE498G01015
KATI PATANG LIFESTYLE LIMITED,INE237C01016
KATI PATANG LIFESTYLE LIMITED,IN9237C01014
KAUSHALYA INFRASTRUCTURE DEVEL,INE234I01028
Kaveri Seed Company Limited,INE455I01029
Kavveri Defence & Wireless Technologies Limited,INE641C01019
KAY POWER AND PAPER LTD.,INE961B01013
Kaya Limited,INE587G01015
KAYCEE INDUSTRIES LTD.,INE813G01023
KAYNES TECHNOLOGY INDIA LIMITE,INE918Z01012
KBS INDIA LIMITED,INE883D01023
KCD INDUSTRIES INDIA LIMITED,INE185U01035
KCL Infra Projects Limited,INE469F01026
KCP SUGAR & INDUSTRIES CORPORA,INE790B01024
KDDL Limited,INE291D01011
KEC International Limited,INE389H01022
KEERTHI INDUSTRIES LTD.,INE145L01012
KEI Industries Limited,INE878B01027
Kellton Tech Solutions Limited,INE164B01030
KELTECH ENERGIES LTD.,INE881E01017
KEMISTAR CORPORATION LIMITED,INE971L01029
KEMP & COMPANY LTD.,INE060E01018
KEN FINANCIAL SERVICES LTD.,INE395E01018
KENNAMETAL INDIA LTD.,INE717A01029
Kenrik Industries Limited,INE0AOG01018
Kenvi Jewels Limited,INE923Y01023
KERALA AYURVEDA LTD.,INE817B01025
Kernex Microsystems (India) Limited,INE202H01019
KESAR ENTERPRISES LTD.,INE133B01027
KESAR INDIA LIMITED,INE0L1C01019
KESAR PETROPRODUCTS LTD.,INE133C01033
KESAR TERMINALS & INFRASTRUCTU,INE096L01025
Kesoram Industries Limited,INE087A01019
Kewal Kiran Clothing Limited,INE401H01017
KEY CORP LTD.,INE130F01016
KEYNOTE FINANCIAL SERVICES LIM,INE681C01015
Keystone Realtors Limited,INE263M01029
Kfin Technologies Limited,INE138Y01010
KFL-10%-27-9-27-NCD,INE403Q07DV1
KFL-10%-30-11-27-PVT,INE403Q07GE0
KFL-10.62%-7-8-28-PVT,INE403Q07GB6
KFL-10-2-27-NCD,INE403Q07CV3
KFL-11.10%-19-8-27-PVT,INE0NES07261
KFL-11.20%-11-12-26-PVT,INE0NES07188
KFL-11.30%-30-01-27-PVT,INE0NES07170
KFL-11.4%-13-6-27-PVT,INE0NES07113
KFL-11.40%-25-06-28-PVT,INE0NES07204
KFL-23-1-27-NCD,INE403Q07FT0
KFL-9.5%-10-8-26-NCD,INE403Q07CU5
KFL-9.5%-15-1-27-NCD,INE403Q07DF4
KFLD-10.62%-7-2-28-PVT,INE403Q07GC4
KFPL-11.20%-03-04-27-PVT,INE0NES07246
KG DENIM LTD.,INE104A01012
KG PETROCHEM LTD.,INE902G01016
Khadim India Limited,INE834I01025
Khaitan (India) Limited,INE731C01018
KHAITAN CHEMICALS & FERTILIZER,INE745B01028
KHANDELWAL EXTRACTION LTD.,INE687W01010
Khandwala Securities Limited,INE060B01014
Khazanchi Jewellers Limited,INE0OWC01011
KHOOBSURAT LTD,INE731G01027
KHYATI MULTIMEDIA-ENTERTAINMEN,INE593B01030
KIC METALIKS LTD.,INE434C01027
KIFS FINANCIAL SERVICES LTD.,INE902D01013
KIIFB-9.30%-21-01-30-PVT,INE658F08508
KIIFB-9.30%-21-01-31-PVT,INE658F08524
KIIFB-9.4%-30-12-34-PVT,INE658F08318
KILBURN ENGINEERING LTD.,INE338F01015
Kilitch Drugs (India) Limited,INE729D01010
KIMIA BIOSCIENCES LIMITED,INE285U01025
KINETIC ENGINEERING LTD.,INE266B01017
KINETIC TRUST LTD.,INE674M01019
Kingfa Science & Technology (I,INE473D01015
KINGS INFRA VENTURES LIMITED,INE050N01010
KIOCL Limited,INE880L01014
KIRAN SYNTEX LTD.,INE293D01017
KIRAN VYAPAR LTD,INE555P01013
Kiri Industries Limited,INE415I01015
Kirloskar Brothers Limited,INE732A01036
Kirloskar Electric Company Limited,INE134B01017
KIRLOSKAR FERROUS INDUSTRIES L,INE884B01025
Kirloskar Industries Limited,INE250A01039
Kirloskar Oil Engines Limited,INE146L01010
KIRLOSKAR PNEUMATIC CO.LTD.,INE811A01020
KISAAN PARIVAR INDUSTRIES LIMI,INE102C01020
KISAN MOULDINGS LTD.,INE017C01012
Kitex Garments Limited,INE602G01020
KJMC FINANCIAL SERVICES LTD.,INE533C01018
KKALPANA INDUSTRIES (INDIA) LT,INE301C01028
Kkalpana Plastick Limited,INE465K01016
KLMAFL-10.50%-16-10-27-NCD,INE01I507653
KLMAFL-17-8-29-NCD,INE01I507679
KMC SPECIALITY HOSPITALS (INDI,INE879K01018
KMF BUILDERS & DEVELOPERS LTD.,INE580H01026
KN Agri Resources Limited,INE0KNW01016
Knowledge Marine & Engineering,INE0CJD01029
KNOWLEDGE REALTY TRUST,INE1JAR25012
KNR Constructions Limited,INE634I01029
KOBO BIOTECH LIMITED,INE881A01015
Kohinoor Foods Limited,INE080B01012
Kokuyo Camlin Limited,INE760A01029
Kolte - Patil Developers Limited,INE094I01018
KONARK SYNTHETIC LTD.,INE517D01019
KONNDOR INDUSTRIES LIMITED,INE971A01014
Kopran Limited,INE082A01010
Kotak Mahindra Bank Limited,INE237A01028
KOTAK MAHINDRA BANK LTD.,INE237A01036
KOTAK MAHINDRA MUTUAL FUND,INF174KA1JD7
KOTAK MAHINDRA MUTUAL FUND - K,INF174K014P6
KOTAK MAHINDRA MUTUAL FUND - K,INF174KA1HJ8
KOTAK MAHINDRA MUTUAL FUND - K,INF373I01023
Kotak Mahindra Mutual Fund - P,INF174K01F59
Kotak Mahindra Mutual Fund - P,INF174KA1LV5
KOTHARI FERMENTATION & BIOCHEM,INE991B01010
KOTHARI INDUSTRIAL CORPORATION,INE972A01020
Kothari Petrochemicals Limited,INE720A01015
Kothari Products Limited,INE823A01017
Kothari Sugars And Chemicals Limited,INE419A01022
Kotia Enterprises Limited,INE079C01012
KOVAI MEDICAL CENTER & HOSPITA,INE177F01017
KOVILPATTI LAKSHMI ROLLER FLOU,INE014E01015
KP GREEN ENGINEERING LIMITED,INE0QVH01025
KPI Green Energy Limited,INE542W01025
KPIT Technologies Limited,INE04I401011
KPL-9%-25-3-29-TFBOND,INE363O07095
KPT INDUSTRIES LIMITED,INE731D01024
Kranti Industries Limited,INE911T01010
KRBL Limited,INE001B01026
KREBS BIOCHEMICALS & INDUSTRIE,INE268B01013
KREON FINNANCIAL SERVICES LTD.,INE302C01018
KRETTO SYSCON LIMITED,INE128R01023
Kridhan Infra Limited,INE524L01026
Krishana Phoschem Limited,INE506W01012
KRISHANVEER FORGE LIMITED,INE013J01016
Krishival Foods Limited,INE0GGO01015
KRISHIVAL FOODS LIMITED,IN90GGO01013
Krishna Defence And Allied Industries Limited,INE0J5601015
Krishna Institute of Medical S,INE967H01025
KRISHNA VENTURES LIMITED,INE537L01010
Kriti Industries (India) Limited,INE479D01038
Kriti Nutrients Limited,INE798K01010
Kritika Wires Limited,INE00Z501029
KRN HEAT EXCHANGER AND REFRIGE,INE0Q3J01015
Kronox Lab Sciences Limited,INE0ATZ01017
Kross Limited,INE0O6601022
Krsnaa Diagnostics Limited,INE08LI01020
Krupalu Metals Limited,INE0XZB01017
KRYPTON INDUSTRIES LTD.,INE951B01014
KRYSTAL INTEGRATED SERVICES LI,INE0QN801017
Ksb Limited,INE999A01023
KSE LTD.,INE953E01022
KSFL-ZC-29-9-28-NCD,INE403Q07CD1
KSH International Limited,INE987S01020
Kshitij Polyline Limited,INE013801027
KSL-10.40%-25-1-27-PVT,INE07HK07817
KSL-10.50%-2-12-27-PVT,INE07HK07866
KSL-10.65%-12-08-27-PVT,INE07HK07825
Ksolves India Limited,INE0D6I01023
KSR Footwear Limited,INE1SPP01016
Kuantum Papers Limited,INE529I01021
Kuber Udyog Limited,INE594R01018
Kuberan Global Edu Solutions L,INE04CO01018
KUNSTSTOFFE INDUSTRIES LTD.,INE638D01021
Kush Industries Limited,INE979D01011
KUWER INDUSTRIES LTD.,INE430F01010
KVS Castings Limited,INE163701019
Kwality Pharmaceuticals Limite,INE552U01010
L&T Finance Limited,INE498L01015
L&T Technology Services Limite,INE010V01017
L. T. ELEVATOR LIMITED,INE0TJ801010
L.G.BALAKRISHNAN & BROS.LTD.,INE337A01034
La Opala RG Limited,INE059D01020
La Tim Metal & Industries Limi,INE501N01020
LACTOSE (INDIA) LTD.,INE058I01013
Ladam Affortable Housing Limit,INE213U01019
LADDERUP FINANCE LTD.,INE519D01015
LADDU GOPAL ONLINE SERVICES LI,INE546I01025
LAFFANS PETROCHEMICALS LTD.,INE919B01011
Lagnam Spintex Limited,INE548Z01017
LAHOTI OVERSEAS LTD.,INE515C01023
LAKE SHORE REALTY LIMITED,INE734D01010
LAKHOTIA POLYESTERS (INDIA) LT,INE191O01010
LAKSHMI ELECTRICAL CONTROL SYS,INE284C01018
LAKSHMI ENGINEERING AND WAREHO,INE718M01022
Lakshmi Finance & Industrial Corporation Limited,INE850E01012
LAKSHMI MILLS COMPANY LTD.,INE938C01019
Lakshmi Precision Screws Limited,INE651C01018
Lambodhara Textiles Limited,INE112F01022
Lancer Container Lines Limited,INE359U01028
Lancor Holdings Limited,INE572G01025
LANDMARC LEISURE CORPORATION L,INE394C01023
Landmark Cars Limited,INE559R01029
LANDMARK GLOBAL LEARNING LIMIT,INE12QA01010
LANDMARK PROPERTY DEVELOPMENT,INE197J01017
Larsen & Toubro Limited,INE018A01030
Lasa Supergenerics Limited,INE670X01014
LAST MILE ENTERPRISES LIMITED,INE404B01022
Latent View Analytics Limited,INE0I7C01011
Latteys Industries Limited,INE262Z01023
Laurus Labs Limited,INE947Q01028
Laxmi Cotspin Limited,INE801V01019
Laxmi Dental Limited,INE0WO601020
Laxmi Goldorna House Limited,INE258Y01016
Laxmi India Finance Limited,INE06WU01026
Laxmi Organic Industries Limit,INE576O01020
LCC Infotech Limited,INE938A01021
LE LAVOIR LIMITED,INE204S01012
Le Merite Exports Limited,INE0G1L01017
Le Travenues Technology Limite,INE0HV901016
LEAD FINANCIAL SERVICES LTD.,INE531D01010
LEADING LEASING FINANCE AND IN,INE715Q01029
LEE & NEE SOFTWARES (EXPORTS),INE791B01014
Leela Palaces Hotels & Resorts,INE0AQ201015
LEHAR FOOTWEARS LIMITED,INE976H01018
Lemon Tree Hotels Limited,INE970X01018
Lenskart Solutions Limited,INE956O01016
LEO DRYFRUITS & SPICES TRADING,INE0RH001011
LERTHAI FINANCE LIMITED,INE347D01011
LESHA INDUSTRIES LTD.,INE050L01048
LEXORAA INDUSTRIES LIMITED,INE185D01015
Lexus Granito (India) Limited,INE500X01013
LG Electronics India Limited,INE324D01010
LGB FORGE LTD.,INE201J01017
LGT Business Connextions Limit,INE191201016
Libas Consumer Products Limited,INE908V01012
Liberty Shoes Limited,INE557B01019
LIBORD SECURITIES LTD.,INE267E01019
LIC Housing Finance Limited,INE115A01026
LIC Mutual Fund,INF767K01RN1
LIFE INSURANCE CORPORATION OF,INE0J1Y01017
Likhitha Infrastructure Limite,INE060901027
LIME CHEMICALS LTD.,INE891G01011
Linc Limited,INE802B01027
Lincoln Pharmaceuticals Limited,INE405C01035
Linde India Limited,INE473A01011
LINK PHARMA CHEM LTD.,INE302F01011
LIPPI SYSTEMS LTD.,INE845B01018
LKP FINANCE LIMITED,INE724A01017
LKP Securities Limited,INE341H01023
LLDL-13.50%-30-01-29-PVT,INE0JZO07032
LLOYDS ENGINEERING WORKS LIMIT,INE093R01011
Lloyds Enterprises Limited,INE080I01025
Lloyds Metals And Energy Limited,INE281B01032
LMW Limited,INE269B01029
Lodha Developers Limited,INE670K01029
LOGICA INFOWAY LIMITED,INE0BSU01018
Logiciel Solutions Limited,INE1BA901016
Lokesh Machines Limited,INE397H01017
Longspur International Venture,INE180M01033
LOOKS HEALTH SERVICES LIMITED,INE204N01013
Lords Chloro Alkali Limited,INE846D01012
LORDS ISHWAR HOTELS LIMITED,INE689J01013
Lorenzini Apparels Limited,INE740X01023
LOTUS CHOCOLATE CO.LTD.,INE026D01011
Lotus Eye Hospital And Institu,INE947I01017
Lovable Lingerie Limited,INE597L01014
Loyal Equipments Limited,INE876S01017
Loyal Textile Mills Limited,INE970D01010
LT Foods Limited,INE818H01020
LTF-8.98%-13-3-29-NCD,INE027E07998
LTIMindtree Limited,INE214T01019
LUDLOW JUTE & SPECIALITIES LTD,INE983C01015
Lumax Auto Technologies Limited,INE872H01027
Lumax Industries Limited,INE162B01018
Lupin Limited,INE326A01037
Lux Industries Limited,INE150G01020
Luxury Time Limited,INE1CJB01013
LVAM25-12%-31-05-27-PTC,INE20KI15019
LWS KNITWEAR LTD.,INE281M01013
Lyka Labs Limited,INE933A01014
LYKIS LIMITED,INE624M01014
Lypsa Gems & Jewellery Limited,INE142K01011
M & B Engineering Limited,INE08N601015
M K Proteins Limited,INE964W01021
M P K STEELS (I) LIMITED,INE1PJP01015
M. K. Exim (India) Ltd.,INE227F01010
M.M.FORGINGS LTD.,INE227C01017
M.P.AGRO INDUSTRIES LTD.,INE468C01017
Maan Aluminium Limited,INE215I01027
MAC CHARLES (INDIA) LTD.,INE435D01014
Macfos Limited,INE0OLH01013
MACH CONFERENCES AND EVENTS LI,INE0UYT01018
Machhar Industries Limited,INE01BT01015
MACHINO PLASTICS LTD.,INE082B01018
Macpower CNC Machines Limited,INE155Z01011
Madhav Copper Limited,INE813V01022
Madhav Infra Projects Limited,INE631R01026
MADHAV MARBLES & GRANITES LTD.,INE925C01016
Madhucon Projects Limited,INE378D01032
MADHUSUDAN INDUSTRIES LTD.,INE469C01023
MADHUSUDAN SECURITIES LTD.,INE856D01011
Madhuveer Com 18 Network Limit,INE312M01016
Madhya Bharat Agro Products Limited,INE900L01010
Madras Fertilizer Limited,INE414A01015
MAESTROS ELECTRONICS & TELECOM,INE318N01011
MAFATLAL INDUSTRIES LTD.,INE270B01035
MAFIA TRENDS LIMITED,INE0KQQ01011
Magadh Sugar & Energy Limited,INE347W01011
Magellanic Cloud Limited,INE613C01026
MAGNA ELECTRO CASTINGS LTD.,INE437D01010
Magnum Ventures Limited,INE387I01016
MAGNUS STEEL AND INFRA LIMITED,INE898E01011
MAHA RASHTRA APEX CORPORATION,INE843B01013
Mahalaxmi Fabric Mills Limited,INE0US801024
Mahalaxmi Rubtech Limited,INE112D01035
MAHALAXMI SEAMLESS LTD.,INE257F01017
MAHAMAYA LIFESCIENCES LIMITED,INE0U9D01019
Mahamaya Steel Industries Limited,INE451L01014
Mahanagar Gas Limited,INE002S01010
Mahanagar Telephone Nigam Limited,INE153A01019
MAHARASHTRA CORPORATION LTD.,INE272E01027
Maharashtra Scooters Limited,INE288A01013
Maharashtra Seamless Limited,INE271B01025
Mahaveer Infoway Limited,INE019D01016
Maheshwari Logistics Limited,INE263W01010
MAHINDRA & MAHINDRA FINANCIAL,INE774D01024
Mahindra & Mahindra Limited,INE101A01026
MAHINDRA EPC IRRIGATION LIMITE,INE215D01010
MAHINDRA HOLIDAYS & RESORTS IN,INE998I01010
MAHINDRA LIFESPACE DEVELOPERS,INE813A01018
Mahindra Logistics Limited,INE766P01016
Mahip Industries Limited,INE00CX01017
Maiden Forgings Limited,INE0O1T01010
Maithan Alloys Limited,INE683C01011
Maitri Enterprises Limited,INE501L01024
MAJESTIC AUTO LTD.,INE201B01022
MAKERS LABORATORIES LTD.,INE987A01010
Mallcom (India) Limited,INE389C01015
MALPANI PIPES AND FITTINGS LIM,INE0YON01014
Malu Paper Mills Limited,INE383H01017
Mamata Machinery Limited,INE0TO701015
Man Industries (India) Limited,INE993A01026
Man Infraconstruction Limited,INE949H01023
Manaksia Aluminium Company Limited,INE859Q01017
Manaksia Coated Metals & Indus,INE830Q01018
Manaksia Limited,INE015D01022
Manaksia Steels Limited,INE824Q01011
MANALI PETROCHEMICAL LTD.,INE201A01024
Manappuram Finance Limited,INE522D01027
Manba Finance Limited,INE939X01013
Manbro Industries Limited,INE348N01034
Mangal Credit and Fincorp Limited,INE545L01039
MANGAL ELECTRICAL INDUSTRIES L,INE0PKD01011
Mangalam Cement Limited,INE347A01017
MANGALAM DRUGS & ORGANICS LTD.,INE584F01014
MANGALAM GLOBAL ENTERPRISE LIM,INE0APB01032
MANGALAM INDUSTRIAL FINANCE LT,INE717C01025
Mangalam Organics Limited,INE370D01013
Mangalam Seeds Limited,INE829S01016
Mangalam Worldwide Limited,INE0JYY01011
MANGALORE REFINERY & PETROCHEM,INE103A01014
MANIPAL FINANCE CORPORATION LT,INE798E01013
Mankind Pharma Limited,INE634S01028
MANOJ VAIBHAV GEMS 'N' JEWELLE,INE0KNT01012
Manomay Tex India Limited,INE784W01015
Manorama Industries Limited,INE00VM01036
Manugraph India Limited,INE867A01022
MAPRO INDUSTRIES LTD.,INE848M01019
Maral Overseas Limited,INE882A01013
Marathon Nextgen Realty Limited,INE182D01020
MARBLE CITY INDIA LIMITED,INE807H01023
MARC LOIRE FASHIONS LIMITED,INE0TBQ01014
MARG TECHNO PROJECTS LIMITED,INE245H01018
MARGO FINANCE LIMITED,INE680B01019
Marico Limited,INE196A01026
Marine Electricals (India) Limited,INE01JE01028
MARIS SPINNERS LTD.,INE866D01010
MARKET CREATORS LTD.,INE944C01017
Markolines Pavement Technologi,INE0FW001016
Marksans Pharma Limited,INE750C01026
MARSONS LIMITED,INE415B01044
MARTIN BURN LTD.,INE199D01016
MARUTI INFRASTRUCTURE LTD.,INE392G01028
Maruti Interior Products Limit,INE0JSJ01014
MARUTI SECURITIES LTD.,INE368C01019
Maruti Suzuki India Limited,INE585B01010
MAS Financial Services Limited,INE348L01012
MASFS-8.35%-16-11-26-PVT,INE348L07308
Mask Investments Limited,INE885F01015
Mastek Limited,INE759A01021
Master Trust Limited,INE677D01037
Matrimony.Com Limited,INE866R01028
MAURIA UDYOG LIMITED,INE150D01027
Mawana Sugars Limited,INE636A01039
Max Estates Limited,INE03EI01018
Max Financial Services Limited,INE180A01020
Max Healthcare Institute Limit,INE027H01010
Max heights Infrastucture Ltd,INE393F01010
Max India Limited,INE0CG601016
MAXGROW INDIA LIMITED,INE485D01043
Maximus International Limited,INE544W01021
MAYUR FLOORINGS LTD.,INE262W01012
MAYUR LEATHER PRODUCTS LTD.,INE799E01011
Mayur Uniquoters Ltd,INE040D01038
Mazagon Dock Shipbuilders Limi,INE249Z01020
Mazda Limited,INE885E01042
MBL Infrastructure Limited,INE912H01013
MCFL-12.90%-3-10-27-PVT,INE545L07036
MCIBPL-ZC-05-08-27-PVT,INE0K0Y08011
Mcleod Russel India Limited,INE942G01012
MCSL-9.90%-12-6-26-PVT,INE296G07168
MCSL-9.90%-29-10-26-PVT,INE296G07192
Medi Assist Healthcare Service,INE456Z01021
MEDIA MATRIX WORLDWIDE LTD.,INE200D01020
MEDIAONE GLOBAL ENTERTAINMENT,INE828I01019
Medicamen Biotech Limited,INE646B01010
MEDI-CAPS LTD.,INE442D01010
Medico Intercontinental Limite,INE858Q01019
Medico Remedies Limited,INE630Y01024
Medplus Health Services Limite,INE804L01022
Meera Industries Limited,INE343X01018
Meesho Limited,INE0VDM01015
MEFCOM CAPITAL MARKETS LTD.,INE186C01023
MEGA CORPORATION LTD.,INE804B01023
Mega Nirman & Industries Limit,INE216Q01010
Megasoft Limited,INE933B01012
Megastar Foods Limited,INE00EM01016
Meghmani Organics Limited,INE0CT101020
Meghna Infracon Infrastructure,INE898Q01015
Megri Soft Limited,INE756R01013
Mehai Technology  Limited,INE062Y01020
MEHTA INTEGRATED FINANCE LTD.,INE240B01012
Menon Bearings Limited,INE071D01033
MENON PISTONS LTD.,INE650G01029
MEP Infrastructure Developers,INE776I01010
Mercantile Ventures Limited,INE689O01013
MERCURY EV-TECH LIMITED,INE763M01028
Mercury Laboratories Limited,INE947G01011
MERCURY TRADE LINKS LTD.,INE319T01016
META INFOTECH LIMITED,INE162901016
METAL COATINGS (INDIA) LTD.,INE161E01014
Methodhub Software Limited,INE0QZR01017
Metro Brands Limited,INE317I01021
METROGLOBAL LIMITED,INE085D01033
Metropolis Healthcare Limited,INE112L01020
Mewar Hi-Tech Engineering Limi,INE957U01011
Meyer Apparel Limited,INE100C01024
MFCL-16-7-31-NCD,INE549K07GO2
MFCL-16-9-26-NCD,INE549K07EL3
MFCL-8.85%-16-7-27-NCD,INE549K07GW5
MFCL-9%-16-9-26-NCD,INE549K07DZ5
MFCL-9%-30-10-26-NCD,INE549K07EU4
MFCL-9.05%-16-7-28-NCD,INE549K07GX3
MFCL-9.40%-16-7-31-NCD,INE549K07GV7
MFCL-9.90%-30-10-29-NCD,INE549K07EN9
MFL INDIA LTD.,INE244C01020
MFL-10.05%-31-5-29-PVT,INE549K08426
MFL-10.40%-22-8-33-PVT,INE549K08541
MFL-10.45%-24-12-32-PVT,INE549K08509
MFL-11.25%-9-2-27-PVT,INE939X07192
MFL-11.75%-13-3-27-PVT,INE296Q07118
MFL-2-4-26-NCD,INE549K07BQ8
MFL-25-1-27-NCD,INE414G07IY2
MFL-8%-10-4-26-NCD,INE414G07HR8
MFL-8.10%-3-6-28-NCD,INE414G07IC8
MFL-8.25%-2-4-26-NCD,INE549K07BT2
MFL-8.25%-25-1-27-NCD,INE414G07IW6
MFL-8.50%-25-1-27-NCD,INE414G07IV8
MFL-9%-19-5-27-NCD,INE549K07GA1
MFL-9%-2-5-30-NCD,INE549K07CC6
MFL-9.05%-20-9-28-NCD,INE549K07CP8
MFL-9.27%-20-9-26-NCD,INE549K07CN3
MFL-9.35%-31-1-29-NCD,INE549K07DG5
MFL-9.55%-19-5-31-NCD,INE549K07GD5
MFL-9.65%-19-5-28-NCD,INE549K07GE3
MFLIII-10-1-31-NCD,INE549K07FL0
MFLIII-9%-10-1-27-NCD,INE549K07EZ3
MFLIII-9.45%-10-1-30-NCD,INE549K07FH8
MFLTD-7.75%-4-10-28-NCD,INE414G07IL9
MFL-ZC-14-12-26-NCD,INE414G07DQ9
MFL-ZC-15-3-26-NCD,INE549K07AE6
MFL-ZC-5-5-26-NCD,INE522D07BA4
MFS INTERCORP LTD.,INE614F01019
MFSL-8.9%-28-11-27-PVT,INE348L07340
MHIL-ZC-13-11-26-NCD,INE652X07100
MIC Electronics Limited,INE287C01037
MID EAST PORTFOLIO MANAGEMENT,INE033E01015
MID INDIA INDUSTRIES LTD.,INE401C01018
MIDWEST GOLD LTD.,INE519N01014
Midwest Limited,INE0XAD01024
Mihika Industries Ltd.,INE779Q01017
Milestone Furniture Limited,INE424Z01011
MILESTONE GLOBAL LTD.,INE151H01018
MILGREY FINANCE & INVESTMENT L,INE679T01013
MILKFOOD LTD.,INE588G01021
Millennium Online Solutions (I,INE570N01025
MINAL INDUSTRIES LIMITED,INE097E01028
MINAXI TEXTILES LTD.,INE952C01028
Minda Corporation Limited,INE842C01021
Mindspace Business Parks REIT,INE0CCU25019
Mindteck (India) Limited,INE110B01017
MINI DIAMONDS (INDIA) LTD.,INE281E01028
Mirae Asset Mutual Fund,INF769K01EG9
Mirae Asset Mutual Fund,INF769K01FN2
Mirae Asset Mutual Fund,INF769K01GS9
Mirae Asset Mutual Fund,INF769K01HF4
Mirae Asset Mutual Fund,INF769K01HI8
Mirae Asset Mutual Fund,INF769K01HP3
Mirae Asset Mutual Fund,INF769K01HS7
Mirae Asset Mutual Fund,INF769K01IB1
Mirae Asset Mutual Fund,INF769K01IC9
Mirae Asset Mutual Fund,INF769K01JP9
Mirae Asset Mutual Fund,INF769K01KG6
Mirae Asset Mutual Fund,INF769K01KR3
Mirae Asset Mutual Fund,INF769K01KS1
Mirae Asset Mutual Fund,INF769K01KT9
Mirae Asset Mutual Fund,INF769K01KV5
Mirae Asset Mutual Fund,INF769K01KU7
Mirae Asset Mutual Fund,INF769K01LC3
Mirae Asset Mutual Fund,INF769K01LJ8
Mirae Asset Mutual Fund,INF769K01LQ3
Mirae Asset Mutual Fund,INF769K01LX9
Mirae Asset Mutual Fund,INF769K01LZ4
Mirae Asset Mutual Fund,INF769K01LY7
Mirae Asset Mutual Fund,INF769K01MY5
Mirae Asset Mutual Fund,INF769K01NS5
Mirae Asset Mutual Fund,INF769K01ON4
Mirae Asset Mutual Fund,INF769K01OO2
Mirae Asset Mutual Fund,INF769K01PB6
Mirae Asset Mutual Fund,INF769K01PR2
Mirae Asset Mutual Fund,INF769K01PQ4
Mirae Asset Mutual Fund,INF769K01PZ5
Mirae Asset Mutual Fund,INF769K01PY8
MIRC Electronics Limited,INE831A01028
Mirza International Limited,INE771A01026
Mish Designs Limited,INE0QI101019
Mishka Exim Limited,INE540S01019
Mishra Dhatu Nigam Limited,INE099Z01011
Mishtann Foods Limited,INE094S01041
Misquita Engineering Limited,INE957W01025
MITCON Consultancy & Engineering Services Limited,INE828O01033
Mitshi India Limited,INE844D01017
Mitsu Chem Plast Limited,INE317V01016
Mittal Life Style Limited,INE997Y01027
Mittal Sections Limited,INE833Q01012
MIVEN MACHINE TOOLS LTD.,INE338P01014
MIZZEN VENTURES LIMITED,INE681K01026
MKP Mobility Limited,INE676G01024
MKVENTURES CAPITAL LIMITED,INE874A01010
MM RUBBER COMPANY LTD.,INE159E01026
MMFL-10.25%-29-8-30-NCD,INE101Q07BN2
MMFL-10.5%-29-8-30-NCD,INE101Q07BJ0
MMFL-10.75%-12-5-30-NCD,INE101Q07BF8
MMFL-12-11-26-NCD,INE101Q07BC5
MMFL-9%-28-2-27-NCD,INE101Q07BK8
MMFL-9.25%-29-8-27-NCD,INE101Q07BL6
MMFL-9.30%-27-1-28-PVT,INE101Q07BS1
MMFL-ZC-15-9-28-NCD,INE101Q08167
MMFSL-6-6-26-NCD,INE774D08MG3
MMFSL-8.00%-24-07-27-NCD,INE774D08MK5
MMFSL-8.72%-6-6-26-NCD,INE774D08LU6
MMFSL-9%-6-6-26-NCD,INE774D08MA6
MMFSL-9.2%-18-1-27-NCD,INE774D07SV1
MMFSL-9.3%-18-1-27-NCD,INE774D07SW9
MMFSL-9.5%-18-1-29-NCD,INE774D08MP4
MML-10%-11-11-28-PVT,INE046W07321
MML-10.75%-01-8-26-PVT,INE046W07263
MML-10.75%-19-12-30-NCD,INE05F407DQ0
MML-10.75%-27-11-27-PVT,INE884Q07814
MML--29-1-30-NCD,INE05F407CY6
MML-9.85%-16-12-27-PVT,INE046W07347
MML-9.95%-16-12-28-PVT,INE046W07354
MMP Industries Limited,INE511Y01018
MMTC Limited,INE123F01029
Mobavenue AI Tech Limited,INE622Q01019
MODELLA WOOLLENS LTD.,INE380D01012
MODERN DAIRIES LTD.,INE617B01011
MODERN DIAGNOSTIC & RESEARCH C,INE1HK501016
MODERN ENGINEERING AND PROJECT,INE250S01015
MODERN INSULATORS LTD.,INE219W01012
MODERN SHARES & STOCKBROKERS L,INE370A01019
MODERN STEELS LTD.,INE001F01019
Modern Threads (India) Limited,INE794W01014
Modi Naturals Limited,INE537F01012
Modi Rubber Limited,INE832A01018
Modis Navnirman Limited,INE0L0L01012
MODISON LIMITED,INE737D01021
MODULEX CONSTRUCTION TECHNOLOG,INE064R01012
MOFSL-9.35%-9-5-29-NCD,INE338I07107
MOFSL-9.7%-9-5-34-NCD,INE338I07123
MOFSL-ZC-9-5-27-NCD,INE338I07099
Mohit Industries Limited,INE954E01012
MOHIT PAPER MILLS LTD.,INE388C01017
MOHITE INDUSTRIES LIMITED,INE154B01023
MOIL Limited,INE490G01020
Moksh Ornaments Limited,INE514Y01020
Mold-Tek Packaging Limited,INE893J01029
Mold-Tek Technologies Limited,INE835B01035
Monarch Networth Capital Limit,INE903D01011
Monarch Surveyors and Engineer,INE0V0L01028
MONEY MASTERS LEASING & FINANC,INE340O01021
Moneyboxx Finance Limited,INE296Q01012
MONIKA ALCOBEV LIMITED,INE0LCG01010
MONOTYPE INDIA LTD.,INE811D01024
Monte Carlo Fashions Limited,INE950M01013
MOONGIPA CAPITAL FINANCE LTD.,INE153K01018
MORARKA FINANCE LTD.,INE367A01015
Morepen Laboratories Limited,INE083A01026
MORGAN VENTURES LTD.,INE902C01015
MORGANITE CRUCIBLE (INDIA) LTD,INE599F01020
Moschip Technologies Limited,INE935B01025
Mother Nutri Foods Limited,INE0UH001016
Motherson Sumi Wiring India Li,INE0FS801015
MOTILAL OSWAL FINANCIAL SERVIC,INE338I01027
MOTILAL OSWAL MOST SHARES NASD,INF247L01AP3
Motilal Oswal Mutual Fund,INF247L01AK4
Motilal Oswal Mutual Fund,INF247L01AU3
Motilal Oswal Mutual Fund,INF247L01BK2
Motilal Oswal Mutual Fund,INF247L01BL0
Motilal Oswal Mutual Fund,INF247L01BB1
Motilal Oswal Mutual Fund,INF247L01BE5
MOTILAL OSWAL MUTUAL FUND,INF247L01536
MOTILAL OSWAL MUTUAL FUND - MO,INF247L01023
Motilal Oswal Mutual Fund-Perm,INF247L01FY4
Motilal Oswal Mutual Fund-Perm,INF247L01FZ1
Motilal Oswal Mutual Fund-Perm,INF247L01CH6
Motilal Oswal Mutual Fund-Perm,INF247L01EV3
Motilal Oswal Mutual Fund-Perm,INF247L01CI4
Motilal Oswal Mutual Fund-Perm,INF247L01DK8
Motilal Oswal Mutual Fund-Perm,INF247L01DJ0
Motilal Oswal Mutual Fund-Perm,INF247L01BU1
Motisons Jewellers Limited,INE0FRK01020
MOTOR & GENERAL FINANCE LTD.,INE861B01023
MPDL LIMITED,INE493H01014
MphasiS Limited,INE356A01018
MPIL CORPORATION LTD.,INE844C01027
MPL PLASTICS LTD.,INE343A01016
MPS Limited,INE943D01017
MRC AGROTECH LIMITED,INE333Y01017
MRF Limited,INE883A01011
MRP Agro Limited,INE0D7801012
Mrs. Bectors Food Specialities,INE495P01020
MRUGESH TRADING LTD.,INE738D01029
Msafe Equipments Limited,INE2B5L01011
MSFL-0%-9-9-27-PVT,INE138I08109
MSFL-ZC-18-12-26-PVT,INE138I08091
MSFL-ZC-2-3-26-PVT,INE138I08075
MSP Steel & Power Limited,INE752G01015
MSR INDIA LTD.,INE331L01026
Mstc Limited,INE255X01014
MT Educare Limited,INE472M01018
Mtar Technologies Limited,INE864I01014
Mudunuru Limited,INE491C01027
Mufin Green Finance Limited,INE08KJ01020
Mukand Limited,INE304A01026
MUKAT PIPES LTD.,INE862C01029
MUKESH BABU FINANCIAL SERVICES,INE596B01017
Mukka Proteins Limited,INE0CG401037
Mukta Agriculture Limited,INE160O01031
Mukta Arts Limited,INE374B01019
MULLER & PHIPPS (INDIA) LTD.,INE003F01015
MULTI COMMODITY EXCHANGE OF IN,INE745G01043
MULTIBASE INDIA LTD.,INE678F01014
Munjal Auto Industries Limited,INE672B01032
Munjal Showa Limited,INE577A01027
MUNOTH CAPITAL MARKET LTD.,INE910G01027
MUNOTH COMMUNICATION LIMITED,INE410E01015
MUNOTH FINANCIAL SERVICES LTD.,INE348D01019
Murae Organisor Limited,INE060601031
Murudeshwar Ceramics Limited,INE692B01014
Music Broadcast Limited,INE919I01024
Muthoot Capital Services Limited,INE296G01013
Muthoot Finance Limited,INE414G01012
Muthoot Microfin Limited,INE046W01019
My Money Securities Ltd.,INE232L01018
MYSORE PETRO CHEMICALS LTD.,INE741A01011
Mystic Electronics Limited,INE159O01033
N R Agarwal Industries Limited,INE740D01017
N. B. I. Industrial Finance Company Limited,INE365I01020
N.G.INDUSTRIES LTD.,INE825C01018
N.K.INDUSTRIES LTD.,INE542C01019
Naapbooks Limited,INE0GOA01018
NABARD-7.35%-23-3-31-NCDS,INE261F07057
NACL Industries Limited,INE295D01020
Naga Dhunseri Group Limited,INE756C01015
NAGARJUNA FERTILIZERS AND CHEM,INE454M01024
NAGPUR POWER & INDUSTRIES LTD.,INE099E01016
NAGREEKA CAPITAL & INFRASTRUCT,INE245I01016
Nagreeka Exports Limited,INE123B01028
NAHAR CAPITAL & FINANCIAL SERV,INE049I01012
NAHAR INDUSTRIAL ENTERPRISES L,INE289A01011
Nahar Poly Films Limited,INE308A01027
Nahar Spinning Mills Limited,INE290A01027
NAKODA GROUP OF INDUSTRIES LIM,INE236Y01012
Naksh Precious Metals Limited,INE256S01012
NALIN LEASE FINANCE LTD.,INE606C01012
Nalwa Sons Investments Limited,INE023A01030
NAM SECURITIES LTD,INE792G01011
Nanavati Ventures Limited,INE0E5R01017
Nandan Denim Limited,INE875G01048
Nandani Creation Limited,INE696V01013
NANTA TECH LIMITED,INE0YJA01011
Naperol Investments Limited,INE585A01020
NAPS Global India Limited,INE0VNH01014
Narayana Hrudayalaya Limited,INE410P01011
NARBADA GEMS AND JEWELLERY LTD,INE540C01021
NARENDRA PROPERTIES LTD.,INE603F01012
Narmada Agrobase Limited,INE117Z01011
NARMADA GELATINES LTD.,INE869A01010
NARMADA MACPLAST DRIP IRRIGATI,INE060D01028
Narmadesh Brass Industries Lim,INE0S1B01014
Natco Pharma Limited,INE987B01026
Nath Bio-Genes (India) Limited,INE448G01010
NATH INDUSTRIES LIMITED,INE777A01023
NATIONAL ALUMINIUM CO.LTD.,INE139A01034
National Fertilizers Limited,INE870D01012
NATIONAL FITTINGS LIMITED,INE643C01015
NATIONAL GENERAL INDUSTRIES LT,INE654H01011
NATIONAL OXYGEN LTD.,INE296D01010
National Peroxide Limited,INE0PO601011
NATIONAL PLASTIC INDUSTRIES LT,INE233D01013
NATIONAL PLASTIC TECHNOLOGIES,INE896D01017
NATIONAL PLYWOOD INDUSTRIES LT,INE497C01016
National Securities Depository,INE301O01023
NATIONAL STANDARD (INDIA) LTD.,INE166R01015
NATRAJ PROTEINS LTD.,INE444D01016
NATURA HUE CHEM LTD.,INE487B01019
Natural Biocon (India) Limited,INE06MM01016
Natural Capsules Limited,INE936B01015
Naturite Agro Products Limited,INE223R01014
NAVA LIMITED,INE725A01030
NAVIN FLUORINE INTERNATIONAL L,INE048G01026
Navkar Corporation Limited,INE278M01019
Navkar Urbanstructure Limited,INE268H01044
Navneet Education Limited,INE060A01024
Nazara Technologies Limited,INE418L01047
NB FOOTWEAR LTD.,INE006F01018
NBCC (India) Limited,INE095N01031
NCC Limited,INE868B01028
NCL Industries Limited,INE732C01016
NCL RESEARCH & FINANCIAL SERVI,INE132F01038
NDA SECURITIES LTD.,INE026C01013
NDL Ventures Limited,INE353A01023
Ndr Auto Components Limited,INE07OG01012
Nectar Lifesciences Limited,INE023H01027
NEELAMALAI AGRO INDUSTRIES LTD,INE605D01012
NEERAJ PAPER MARKETING LIMITED,INE894J01019
Neetu Yoshi Limited,INE0UZO01024
Neil Industries Ltd.,INE396C01010
Nelcast Limited,INE189I01024
NELCO Limited,INE045B01015
NEO INFRACON LTD.,INE216I01017
Neogen Chemicals Limited,INE136S01016
NEOPOLITAN PIZZA AND FOODS LIM,INE471R01019
Nephrocare Health Services Lim,INE428V01029
NEPTUNE LOGITEK LIMITED,INE1NQ501012
Nesco Limited,INE317F01035
Nestle India Limited,INE239A01024
NETLINK SOLUTIONS (INDIA) LTD.,INE040F01033
NETTLINX LTD.,INE027D01019
NETWEB TECHNOLOGIES INDIA LIMI,INE0NT901020
Network People Services Techno,INE0FFK01017
NETWORK18 MEDIA & INVESTMENTS,INE870H01013
Neuland Laboratories Limited,INE794A01010
New Delhi Television Limited,INE155G01029
NEW LIGHT INDUSTRIES LIMITED,INE835U01027
New Swan Multitech Limited,INE0GEN01012
Newgen Software Technologies L,INE619B01017
NEWTIME INFRASTRUCTURE LIMITED,INE997D01021
NEWTRAC FOODS & BEVERAGES LIMI,INE229N01010
NEXOME CAPITAL MARKETS LIMITED,INE641A01013
Next Mediaworks Limited,INE747B01016
Nexus Select Trust,INE0NDH25011
NEXUS SURGICAL AND MEDICARE LI,INE370Q01015
Nexxus Petro Industries Limite,INE0QUL01011
NFL-10.30%-30-09-27-PVT,INE342T07635
NFL-10.48%-01-06-26-PVT,INE342T07593
NFL-10.60%-21-5-27-PVT,INE342T07569
NFL-10.65%-13-3-27-NCD,INE342T07460
NFL-10.75%-19-8-28-PVT,INE342T07601
NFL-10.75%-31-12-27-PVT,INE342T07544
NFL-10.75%-31-12-28-PVT,INE342T07668
NGL Fine-Chem Limited,INE887E01022
NHAI-7.29%-9-3-26-TAXFREENCD,INE906B07EN0
NHAI-8.5%-5-2-29-NCD,INE906B07DE1
NHC FOODS LTD.,INE141C01036
NHFL-10.03%-3-4-30-NCD,INE530L07AO3
NHFL-10.49%-3-4-35-NCD,INE530L07AM7
NHFL-10.50%-10-09-35-NCD,INE530L07AZ9
NHFL-10.50%-3-4-30-NCD,INE530L07AN5
NHFL-10.75%-02-07-35-NCD,INE530L07AP0
NHFL-3-4-30-NCD,INE530L07AG9
NHFL-9.35%-10-09-28-NCD,INE530L07BD4
NHFL-9.5%-1-3-26-NCD,INE530L07707
NHFL-9.57%-02-07-28-NCD,INE530L07AV8
NHPC Limited,INE848E01016
NIBE Limited,INE149O01018
NICCO PARKS & RESORTS LTD.,INE653C01022
NIDHI GRANITES LTD.,INE276H01013
NIHAR INFO GLOBAL LTD.,INE876E01033
NIIT Learning Systems Limited,INE342G01023
NIIT Limited,INE161A01038
NIKHIL ADHESIVES LTD.,INE926C01022
Nila Infrastructures Limited,INE937C01029
Nila Spaces Limited,INE00S901012
NILACHAL CARBO METALICKS LIMIT,INE346R01013
NILACHAL REFRACTORIES LTD.,INE416N01013
NILE LTD.,INE445D01013
Nilkamal Limited,INE310A01015
NIMBUS PROJECTS LTD.,INE875B01015
NINtec Systems Limited,INE395U01014
NIPPON INDIA ETF BANK BEES,INF204KB15I9
NIPPON INDIA ETF GOLD BEES,INF204KB17I5
NIPPON INDIA ETF HANG SENG BEE,INF204KB19I1
NIPPON INDIA ETF JUNIOR BEES,INF732E01045
NIPPON INDIA ETF LIQUID BEES,INF732E01037
NIPPON INDIA ETF NIFTY 100,INF204K014N5
NIPPON INDIA ETF NIFTY BEES,INF204KB14I2
NIPPON INDIA ETF PSU BANK BEES,INF204KB16I7
NIPPON INDIA ETF SENSEX,INF204KA1UN7
NIPPON INDIA ETF SENSEX NEXT 5,INF204KB15D0
NIPPON INDIA ETF SHARIAH BEES,INF732E01128
Nippon India Mutual Fund,INF204KB10R1
Nippon India Mutual Fund,INF204KB16R8
Nippon India Mutual Fund,INF204KB14O0
Nippon India Mutual Fund,INF204KB11T5
Nippon India Mutual Fund,INF204KB16S6
Nippon India Mutual Fund,INF204KB18R4
Nippon India Mutual Fund,INF204KB18S2
Nippon India Mutual Fund,INF204KB14P7
Nippon India Mutual Fund,INF204KB17P0
Nippon India Mutual Fund,INF204KB19P6
Nippon India Mutual Fund,INF204KB14U7
Nippon India Mutual Fund,INF204KB10U5
Nippon India Mutual Fund,INF204KB15U4
Nippon India Mutual Fund,INF204KB16U2
Nippon India Mutual Fund,INF204KB11U3
Nippon India Mutual Fund,INF204KB12U1
Nippon India Mutual Fund,INF204KB13T1
Nippon India Mutual Fund,INF204KB18T0
Nippon India Mutual Fund,INF204KB13U9
Nippon India Mutual Fund,INF732E01268
Nippon India Mutual Fund,INF204KC1EZ3
Nippon India Mutual Fund,INF204KC1GH6
Nippon India Mutual Fund - Per,INF204KB15V2
Nippon India Mutual Fund - Per,INF204KC1089
Nippon India Mutual Fund - Per,INF204KB1882
Nippon India Mutual Fund - Per,INF204KB1V68
Nippon India Mutual Fund - Per,INF204KC1402
NIPPON LIFE INDIA ASSET MANAGE,INE298J01013
Niraj Cement Structurals Limited,INE368I01016
Niraj Ispat Industries Limited,INE326T01011
NIRAV COMMERCIALS LTD.,INE242B01018
NIRLON LTD.,INE910A01012
NISUS FINANCE SERVICES CO LIMI,INE0DQN01013
Nitco Limited,INE858F01012
Nitin Castings Limited,INE861H01020
Nitin Spinners Limited,INE229H01012
Nitiraj Engineers Limited,INE439T01012
NITTA GELATIN INDIA LTD.,INE265B01019
NIVA BUPA HEALTH INSURANCE COM,INE995S01015
NIVAKA FASHIONS LIMITED,INE139E01028
Niyogin Fintech Limited,INE480D01010
NJCPL-8.75%-26-12-27-PVT,INE0MT207023
NLC India Limited,INE589A01014
NMDC Limited,INE584A01023
NMDC Steel Limited,INE0NNS01018
NMS GLOBAL LIMITED,INE169F01014
NOCIL Limited,INE163A01018
Noida Toll Bridge Company Limited,INE781B01015
Norben Tea & Exports Limited,INE369C01017
NORRIS MEDICINES LTD.,INE744C01029
NORTH EASTERN CARRYING CORPORA,INE553C01016
Northern Arc Capital Limited,INE850M01015
Northern Spirits Limited,INE01BL01012
NOUVEAU GLOBAL VENTURES LTD.,INE317B01042
Nova Agritech Limited,INE02H701025
NOVA IRON & STEEL LTD.,INE608C01026
NOVARTIS INDIA LTD.,INE234A01025
NOVELIX PHARMACEUTICALS LIMITE,INE314I01036
NRB Bearing Limited,INE349A01021
NRB Industrial Bearings Limited,INE047O01014
NTC INDUSTRIES LTD.,INE920C01017
NTPC Green Energy Limited,INE0ONG01011
NTPC Limited,INE733E01010
NTPC-7.62%-3B-5-10-35-BOND,INE733E07JW2
Nucleus Software Exports Limited,INE096B01018
Nupur Recyclers Limited,INE0JM501013
Nureca Limited,INE0DSF01015
Nuvama Wealth Management Limit,INE531F01023
Nuvoco Vistas Corporation Limi,INE118D01016
NWFL-9.80%-5-2-30-NCD,INE918K07FU8
NWIL-9.16%-15-7-27-NCD,INE523L07710
NWIL-9.53%-15-7-32-NCD,INE523L07744
NWIL-9.55%-15-7-27-NCD,INE523L07751
NYSSA CORPORATION LIMITED,INE812K01027
OASIS SECURITIES LTD.,INE876A01023
Oberoi Realty Limited,INE093I01010
OBJECTONE INFORMATION SYSTEMS,INE860E01011
OCCL Limited,INE0PK601023
Oceanic Foods Limited,INE711V01010
Odigma Consultancy Solutions L,INE054301028
ODYSSEY CORPORATION LTD.,INE839E01023
ODYSSEY TECHNOLOGIES LTD.,INE213B01019
Oil & Natural Gas Corporation Limited,INE213A01029
Oil Country Tubular Limited,INE591A01010
Oil India Limited,INE274J01014
OK PLAY INDIA LTD.,INE870B01024
Ola Electric Mobility Limited,INE0LXG01040
Olectra Greentech Limited,INE260D01016
OLYMPIA INDUSTRIES LTD.,INE482O01021
OLYMPIC CARDS LTD.,INE550L01013
Om Freight Forwarders Limited,INE1BZC01019
OM INFRA LIMITED,INE239D01028
OM METALLOGIC LIMITED,INE0R8Q01018
Omax Autos Limited,INE090B01011
Omaxe Limited,INE800H01010
OMEGA AG-SEEDS (PUNJAB) LTD.,INE112B01013
OMEGA INTERACTIVE TECHNOLOGIES,INE113B01029
Omkar Speciality Chemicals Limited,INE474L01016
OMNI AXS SOFTWARE LTD.,INE369B01019
Omnipotent Industries Limited,INE0JFE01012
OMNITEX INDUSTRIES (INDIA) LTD,INE814D01010
One 97 Communications Limited,INE982J01020
ONE GLOBAL SERVICE PROVIDER LI,INE670O01013
One Mobikwik Systems Limited,INE0HLU01028
One Point One Solutions Limited,INE840Y01029
Onelife Capital Advisors Limited,INE912L01015
ONESOURCE INDUSTRIES AND VENTU,INE125F01032
Onesource Specialty Pharma Lim,INE013P01021
ONMOBILE,INE809I01019
Ontic Finserve Limited,INE989S01042
Onward Technologies Limited,INE229A01017
Optiemus Infracom Limited,INE350C01017
Optimus Finance Limited,INE031G01022
ORACLE FINANCIAL SERVICES SOFT,INE881D01027
Orbit Exports Limited,INE231G01010
Orchasp Limited,INE215B01022
Orchid Pharma Limited,INE191A01027
ORGANIC COATINGS LTD.,INE412E01011
ORGANIC RECYCLING SYSTEMS LIMI,INE0MIO01019
Oricon Enterprises Limited,INE730A01022
Orient Bell Limited,INE607D01018
ORIENT BEVERAGES LTD.,INE247F01018
Orient Cement Limited,INE876N01018
ORIENT CERATECH LIMITED,INE569C01020
Orient Electric Limited,INE142Z01019
Orient Green Power Company Limited,INE999K01014
Orient Paper & Industries Limited,INE592A01026
Orient Press Limited,INE609C01024
Orient Technologies Limited,INE0PPK01015
ORIENT TRADELINK LTD.,INE681D01039
Oriental Aromatics Limited,INE959C01023
Oriental Hotels Limited,INE750A01020
ORIENTAL RAIL INFRASTRUCTURE L,INE457G01029
Oriental Trimex Limited,INE998H01012
Orissa Bengal Carrier Limited,INE426Z01016
ORISSA MINERALS DEVELOPMENT CO,INE725E01024
Orkla India Limited,INE16NZ01023
OROSIL SMITHS INDIA LTD.,INE628B01034
Ortel Communications Limited,INE849L01019
ORTIN GLOBAL LIMITED,INE749B01020
Osia Hyper Retail Limited,INE06IR01021
OSIAJEE TEXFAB LIMITED,INE186R01013
Oswal Agro Mills Limited,INE142A01012
Oswal Greentech Limited,INE143A01010
Oswal Pumps Limited,INE0BYP01024
OTCO INTERNATIONAL LTD.,INE910B01028
OVAL PROJECTS ENGINEERING LIMI,INE0RTI01017
OVOBEL FOODS LTD.,INE812S01012
OXFORD INDUSTRIES LTD.,INE114D01015
OXYGENTA PHARMACEUTICAL LIMITE,INE102E01018
P N Gadgil Jewellers Limited,INE953R01016
P.I.INDUSTRIES LTD.,INE603J01030
Pace Digitek Limited,INE0S3G01027
PACE E-COMMERCE VENTURES LIMIT,INE0N1L01018
PACIFIC INDUSTRIES LTD.,INE883C01025
PADAM COTTON YARNS LTD.,INE448D01025
PADMALAYA TELEFILMS LTD.,INE243B01016
PADMANABH ALLOYS & POLYMERS LT,INE630U01014
Padmanabh Industries Ltd,INE743D01011
Page Industries Limited,INE761H01022
Paisalo Digital Limited,INE420C01059
Pajson Agro India Limited,INE14LM01012
PAKKA LIMITED,INE551D01018
Palash Securities Limited,INE471W01019
Palco Metals Limited,INE239L01013
Palm Jewels Limited,INE838Z01012
Palred Technologies Limited,INE218G01033
PAN ELECTRONICS INDIA LTD.,INE648E01010
PAN INDIA CORPORATION LTD.,INE376A01032
PANABYTE TECHNOLOGIES LIMITED,INE516E01019
Panacea Biotec Limited,INE922B01023
Panache Digilife Limited,INE895W01019
PANAFIC INDUSTRIALS LTD,INE655P01029
Panama Petrochem Limited,INE305C01029
PANASONIC CARBON INDIA CO.LTD.,INE013E01017
PANASONIC ENERGY INDIA COMPANY,INE795A01017
PANCHMAHAL STEEL LTD.,INE798F01010
PANCHSHEEL ORGANICS LTD.,INE316G01019
PANJON LTD.,INE744D01019
PANKAJ POLYMERS LTD.,INE698B01011
PANORAMA STUDIOS INTERNATIONAL,INE258R01028
Pansari Developers Limited,INE697V01011
PANTH INFINITY LIMITED,INE945O01019
PANTHER INDUSTRIAL PRODUCTS LT,INE181D01014
Par Drugs And Chemicals Limited,INE04LG01015
PARADEEP PARIVAHAN LIMITED,INE0SMW01011
Paradeep Phosphates Limited,INE088F01024
Parag Milk Foods Limited,INE883N01014
PARAGON FINANCE LTD.,INE015E01012
Paramount Communications Limited,INE074B01023
PARAMOUNT COSMETICS (INDIA) LT,INE143I01013
Paras Defence and Space Techno,INE045601023
Paras Petrofils Limited,INE162C01024
Park Medi World Limited,INE119201023
PARKER AGROCHEM EXPORTS LTD.,INE750B01010
PARLE INDUSTRIES LIMITED,INE272G01014
Parmax Pharma Limited,INE240T01014
PARMESHWAR METAL LIMITED,INE0QQJ01021
PARNAX LAB LTD.,INE383L01019
Parsvnath Developers Limited,INE561H01026
Parvati Sweetners and Power Lt,INE295Z01015
PASARI SPINNING MILLS LTD.,INE604F01010
Pashupati Cotspin Limited,INE124Y01010
Pasupati Acrylon Limited,INE818B01023
PASUPATI SPG.& WVG.MILLS LTD.,INE909B01020
Patanjali Foods Limited,INE619A01035
PATEL CHEM SPECIALITIES LIMITE,INE161701011
Patel Engineering Limited,INE244B01030
Patel Integrated Logistics Limited,INE529D01014
Patel Retail Limited,INE0R8B01010
PATELS AIRTEMP (INDIA) LTD.,INE082C01024
Patron Exim Limited,INE0NPA01011
PATSPIN INDIA LTD.,INE790C01014
Paul Merchants Ltd.,INE291E01019
Paushak Limited,INE111F01024
Pavna Industries Limited,INE07S101038
PB Fintech Limited,INE417T01026
PBA INFRASTRUCTURE LTD.,INE160H01019
PBM POLYTEX LTD.,INE501F01018
PC Jeweller Limited,INE785M01021
PCBL Chemical Limited,INE602A01031
PCL-12.5%-29-12-28-NCD,INE0IID07744
PCL-13%-29-12-30-NCD,INE0IID07769
PCS TECHNOLOGY LTD.,INE834B01012
PDL-9.95%-26-9-26-PVT,INE420C07049
PDS Limited,INE111Q01021
PEARL GLOBAL INDUSTRIES LIMITE,INE940H01022
Pearl Green Clubs and Resorts,INE0GTX01019
Pearl Polymers Limited,INE844A01013
PEE CEE COSMA SOPE LTD.,INE417E01010
PEETI SECURITIES LTD.,INE328D01011
Peninsula Land Limited,INE138A01028
Pennar Industries Limited,INE932A01024
PENTOKEY ORGANY (INDIA) LTD.,INE702E01015
PERFECT-OCTAVE MEDIA PROJECTS,INE814L01013
PERFECTPAC LTD.,INE759I01024
PERMANENT MAGNETS LTD.,INE418E01018
Persistent Systems Limited,INE262H01021
Petronet LNG Limited,INE347G01014
PFC-7.52%-2B-17-10-30-BOND,INE134E07562
PFC-7.55%-1-8-38-NCD,INE134E07CK3
PFCBS4,INE134E07109
PFCBT1S4,INE134E07182
PFCL-7%-22-1-31-NCD,INE134E07AN1
PFCL-7.15%-22-1-36-NCD,INE134E07AT8
Pfizer Limited,INE182A01018
PFL INFOTECH LTD.,INE600F01018
PFL-6.75%-26-9-31-PVT,INE516Y07444
PG Electroplast Limited,INE457L01029
PG FOILS LTD.,INE078D01012
PH CAPITAL LTD.,INE160F01013
PHAARMASIA LTD.,INE486I01016
PHARMAIDS PHARMACEUTICALS LTD.,INE117D01018
PHOENIX INTERNATIONAL LTD.,INE245B01011
PHOENIX TOWNSHIP LTD,INE977M01024
PHOTOQUIP INDIA LTD.,INE813B01016
Physicswallah Limited,INE0LP301011
PHYTO CHEM (INDIA) LTD.,INE037C01010
Piccadily Agro Industries Limited,INE546C01010
PICCADILY SUGAR & ALLIED INDUS,INE544C01023
PICTUREHOUSE MEDIA LTD.,INE448B01029
Pidilite Industries Limited,INE318A01026
PIL ITALICA LIFESTYLE LIMITED,INE600A01035
Pilani Investment And Industri,INE417C01014
Pine Labs Limited,INE15B701018
Pioneer Embroideries Limited,INE156C01018
PIONEER INVESTCORP LTD.,INE746D01014
Piramal Finance Limited,INE202B01038
Piramal Pharma Limited,INE0DK501011
Pitti Engineering Limited,INE450D01021
Pix Transmissions Limited,INE751B01018
Plastiblends India Limited,INE083C01022
Platinum Industries Limited,INE0PT501018
Plaza Wires Limited,INE0INJ01017
PMC FINCORP LIMITED,INE793G01035
PNB Gilts Limited,INE859A01011
PNB Housing Finance Limited,INE572E01012
PNC Infratech Limited,INE195J01029
PNGS GARGI FASHION JEWELLERY L,INE0NT601018
POCL ENTERPRISES LTD,INE035S01028
Poddar Pigments Limited,INE371C01013
Pokarna Limited,INE637C01025
Polo Queen Industrial and Fint,INE689M01025
POLSON LTD.,INE339F01021
Poly Medicure Limited,INE205C01021
Polycab India Limited,INE455K01017
POLYCHEM LTD.,INE752B01024
POLYCON INTERNATIONAL LTD.,INE262C01014
POLYLINK POLYMERS (INDIA) LTD.,INE323D01020
POLYMECHPLAST MACHINES LTD.,INE809B01014
Polyplex Corporation Limited,INE633B01018
Polyspin Exports Ltd.,INE914G01029
Pondy Oxides & Chemicals Limited,INE063E01053
Ponni Sugars (Erode) Limited,INE838E01017
Poojawestern Metaliks Limited,INE973X01012
POONA DAL & OIL INDUSTRIES LTD,INE809E01018
Poonawalla Fincorp Limited,INE511C01022
POPULAR ESTATE MANAGEMENT LTD.,INE370C01015
POPULAR FOUNDATIONS LIMITED,INE0PZB01013
Popular Vehicles and Services,INE772T01024
PORWAL AUTO COMPONENTS LTD.,INE386I01018
Power & Instrumentation (Gujar,INE557Z01018
Power Finance Corporation Limited,INE134E01011
POWER GRID CORPORATION OF INDI,INE752E01010
Power Mech Projects Limited,INE211R01019
POWERGRID Infrastructure Inves,INE0GGX23010
PPAP,INE095I01015
Prabha Energy Limited,INE0I0M01023
PRABHHANS INDUSTRIES LIMITED,INE428P01013
PRADEEP METALS LTD.,INE770A01010
PRADHIN LIMITED,INE656B01027
PRAG BOSIMI SYNTHETICS LTD.,INE962B01011
Praj Industries Limited,INE074A01025
Prajay Engineers Syndicate Limited,INE505C01016
Prakash Industries Limited,INE603A01013
Prakash Pipes Limited,INE050001010
Prakash Steelage Limited,INE696K01024
Prakash Woollen & Synthetic Mi,INE523I01016
PRARUH TECHNOLOGIES LIMITED,INE0TI501017
PRASHANT INDIA LTD.,INE100E01012
Prataap Snacks Limited,INE393P01035
PRATIK PANELS LTD.,INE206C01029
PRATIKSHA CHEMICALS LTD.,INE530D01012
PRAVEG LIMITED,INE722B01019
Praxis Home Retail Limited,INE546Y01022
Precision Camshafts Limited,INE484I01029
PRECISION ELECTRONICS LTD.,INE143C01024
Precision Wires India Limited,INE372C01037
Precot Limited,INE283A01014
PREMCO GLOBAL LTD.,INE001E01012
Premier Energies Limited,INE0BS701011
PREMIER ENERGY AND INFRASTRUCT,INE429K01012
Premier Explosives Limited,INE863B01029
Premier Limited,INE342A01018
Premier Polyfilm Limited,INE309M01020
PREMIER SYNTHETICS LTD.,INE940N01012
PRERNA INFRABUILD LTD.,INE426H01014
Prestige Estates Projects Limited,INE811K01011
Prevest Denpro Limited,INE0GAO01018
Pricol Limited,INE726V01018
PRIMA AGRO LTD.,INE297D01018
PRIMA INDUSTRIES LTD.,INE723N01012
PRIMA PLASTICS LTD.,INE573B01016
PRIME CAPITAL MARKET LTD.,INE748D01010
Prime Focus Limited,INE367G01038
PRIME FRESH LIMITED,INE442V01012
PRIME INDUSTRIES LTD.,INE543F01028
PRIME PROPERTY DEVELOPMENT COR,INE233C01023
Prime Securities Limited,INE032B01021
PRIME URBAN DEVELOPMENT INDIA,INE419E01024
Primo Chemicals Limited,INE607A01022
Prince Pipes and Fittings Limi,INE689W01016
Prism Johnson Limited,INE010A01011
PRISM MEDICO AND PHARMACY LTD.,INE730E01016
PRISMX GLOBAL VENTURES LIMITED,INE286N01028
Prithvi Exchange (India) Limit,INE621B01021
Priti International Limited,INE974Z01015
Pritika Auto Industries Limite,INE583R01029
PRITISH NANDY COMMUNICATIONS L,INE392B01011
PRIVI SPECIALITY CHEMICALS LIM,INE959A01019
PRIYA LTD.,INE686C01014
PRO CLB GLOBAL LIMITED,INE438C01010
PRO FIN CAPITAL SERVICES LTD.,INE732K01027
PROCTER & GAMBLE HEALTH LIMITE,INE199A01012
PROCTER & GAMBLE HYGIENE & HEA,INE179A01014
PRODOCS SOLUTIONS LIMITED,INE10XK01019
Promact Plastics Limited,INE818D01011
Property Share Investment Trus,INE19RO25013
PROSPECT CONSUMER PRODUCTS LIM,INE0OKG01017
Prostarm Info Systems Limited,INE0BX301013
Protean eGov Technologies Limi,INE004A01022
Prozone Realty Limited,INE195N01013
Prudent Corporate Advisory Ser,INE00F201020
PRUDENTIAL SUGAR CORPORATION L,INE024D01016
PS IT INFRASTRUCTURE & SERVICE,INE953M01033
PSP Projects Limited,INE488V01015
PTC INDIA FINANCIAL SERVICES L,INE560K01014
PTC India Limited,INE877F01012
PTC Industries Limited,INE596F01018
PTL Enterprises Limited,INE034D01049
Pudumjee Paper Products Limite,INE865T01018
PULSAR INTERNATIONAL LTD.,INE183U01022
Pune E - Stock Broking Limited,INE510U01018
Punjab & Sind Bank,INE608A01012
Punjab Chemicals & Crop Protection Limited,INE277B01014
PUNJAB COMMUNICATIONS LTD.,INE609A01010
Punjab National Bank,INE160A01022
Puravankara Limited,INE323I01011
PURETROP FRUITS LIMITED,INE795D01011
Purohit Construction Limited,INE147J01012
PURPLE AGROTECH INDUSTRIES LIM,INE905R01016
Purple Finance Limited,INE0CYK01015
PURPLE WAVE INFOCOM LIMITED,INE0VDK01019
PURSHOTTAM INVESTOFIN LTD,INE729C01020
PVP Ventures Limited,INE362A01016
PVR INOX Limited,INE191H01014
PVV Infra Limited,INE428B01021
Pyramid Technoplast Limited,INE0MIS01010
QGO FINANCE LIMITED,INE837C01013
Quadrant Future Tek Limited,INE0LRY01011
QUADRANT TELEVENTURES LIMITED,INE527B01020
QUALITY POWER ELECTRICAL EQUIP,INE0SII01026
Quality RO Industries Limited,INE0KAF01018
QUANTUM DIGITAL VISION (INDIA),INE373C01019
QUANTUM GOLD FUND - EXCHANGE T,INF082J01408
Quantum Nifty 50 ETF,INF082J01028
Quess Corp Limited,INE615P01015
QUEST CAPITAL MARKETS LIMITED,INE418C01012
QUEST FLOW CONTROLS LIMITED,INE0OYE01013
Quick Heal Technologies Limite,INE306L01010
Quint Digital Limited,INE641R01017
R K Swamy Limited,INE0NQ801033
R M DRIP AND SPRINKLERS SYSTEM,INE219Y01026
R R Kabel Limited,INE777K01022
R Systems International Limited,INE411H01032
R&B Denims Limited,INE012Q01021
R. S. Software (India) Limited,INE165B01029
R.P.P. Infra Projects Limited,INE324L01013
RAAJ MEDISAFE INDIA LTD.,INE548H01015
Race Eco Chain Limited,INE084Q01012
Rachit Prints Limited,INE0ZN101029
RACL Geartech Limited,INE704B01017
RADAAN MEDIAWORKS (I) LTD.,INE874F01027
RADHE DEVELOPERS (INDIA) LTD.,INE986B01044
Radhika Jeweltech Limited,INE583V01021
Radiant Cash Management Servic,INE855R01021
Radico Khaitan Limited,INE944F01028
RADIX INDUSTRIES (INDIA) LIMIT,INE576N01014
RAGHAV PRODUCTIVITY ENHANCERS,INE912T01018
RAGHUNATH INTERNATIONAL LTD.,INE753B01014
RAGHUNATH TOBACCO CO.LTD.,INE754B01012
RAGHUVIR SYNTHETICS LTD.,INE969C01022
Rail Vikas Nigam Limited,INE415G01027
RailTel Corporation of India L,INE0DD101019
Rain Industries Limited,INE855B01025
Rainbow Children's Medicare Li,INE961O01016
RAINBOW FOUNDATIONS LTD.,INE230F01014
Raj Oil Mills Limited,INE294G01026
RAJ PACKAGING INDUSTRIES LTD.,INE639C01013
Raj Rayon Industries Limited,INE533D01032
Raj Television Network Limited,INE952H01027
RAJAPALAYAM MILLS LTD.,INE296E01026
Rajasthan Cylinders & Containe,INE929D01016
RAJASTHAN PETRO SYNTHETICS LTD,INE374C01017
RAJASTHAN SECURITIES LIMITED,INE184D01026
Rajdarshan Industries Limited,INE610C01014
Rajesh Exports Limited,INE343B01030
RAJESH POWER SERVICES LIMITED,INE0VN801010
Rajeshwari Cans Limited,INE0CQ101015
RAJKAMAL SYNTHETICS LTD.,INE376L01013
Rajkot Investment Trust Limite,INE176R01014
Rajnandini Metal Limited,INE00KV01022
RAJNISH RETAIL LIMITED,INE786J01033
Rajnish Wellness Limited,INE685Z01033
Rajoo Engineers Limited,INE535F01024
Rajputana Investment and Finan,INE751R01014
Rajratan Global Wire Limited,INE451D01029
Rajshree Polypack Limited,INE760W01023
Rajshree Sugars & Chemicals Limited,INE562B01019
Rallis India Limited,INE613A01020
Ram Ratna Wires Limited,INE207E01023
RAMA PAPER MILLS LTD.,INE425E01013
Rama Phosphates Limited,INE809A01032
Rama Steel Tubes Limited,INE230R01035
RAMA VISION LTD.,INE763B01013
RAMCHANDRA LEASING & FINANCE L,INE516P01015
Ramco Industries Limited,INE614A01028
Ramco Systems Limited,INE246B01019
RAMGOPAL POLYTEX LTD.,INE410D01017
RAMINFO LIMITED,INE357B01022
Ramkrishna Forgings Limited,INE399G01023
Ramky Infrastructure Limited,INE874I01013
RAMSONS PROJECTS LTD.,INE609D01014
Rana Sugars Limited,INE625B01014
RANDER CORPORATION LTD.,INE821D01031
Rane (Madras) Limited,INE050H01012
Rane Holdings Limited,INE384A01010
Ranjeet Mechatronics Limited,INE01A501027
RANJIT SECURITIES LTD.,INE863D01017
RAP CORP LIMITED,INE483D01014
RAPICUT CARBIDES LTD.,INE350D01015
RAPID INVESTMENTS LTD.,INE154M01012
RAPID MULTIMODAL LOGISTICS LIM,INE0QA901010
RAS RESORTS & APART HOTELS LTD,INE651D01016
RASANDIK ENGINEERING INDUSTRIE,INE682D01011
Rashi Peripherals Limited,INE0J1F01024
RASHTRIYA CHEMICALS & FERTILIZ,INE027A01015
RASI ELECTRODES LTD.,INE822D01021
RateGain Travel Technologies L,INE0CLI01024
RATHI BARS LTD.,INE575I01016
RATHI STEEL & POWER LTD.,INE336C01016
Ratnamani Metals & Tubes Limited,INE703B01027
Ratnaveer Precision Engineerin,INE05CZ01011
RATTANINDIA ENTERPRISES LIMITE,INE834M01019
RattanIndia Power Limited,INE399K01017
RAUNAQ INTERNATIONAL LIMITED,INE523K01012
Ravelcare Limited,INE0W4D01018
Ravi Kumar Distilleries Limited,INE722J01012
Ravinder Heights Limited,INE09E501017
Ravindra Energy Limited,INE206N01018
Raw Edge Industrial Solutions,INE960Z01014
Raymond Lifestyle Limited,INE02ID01020
Raymond Limited,INE301A01014
Raymond Realty Limited,INE1SY401010
RBL Bank Limited,INE976G01028
RBZ Jewellers Limited,INE0PEQ01016
RDB INFRASTRUCTURE AND POWER L,INE245L01028
RDB RASAYANS LTD.,INE123M01017
RDB Real Estate Constructions,INE0AK901016
REAL ECO-ENERGY LIMITED,INE055E01034
REC Limited,INE020B01018
REC-7.34%-5-11-30-S-2B-NCD,INE020B07JS8
Redington Limited,INE891D01026
Redtape Limited,INE0LXT01019
Refex Industries Limited,INE056I01025
Refex Renewables & Infrastruct,INE332F01018
Regaal Resources Limited,INE0MHO01029
REGAL ENTERTAINMENT & CONSULTA,INE101E01010
REGANTO ENTERPRISES LIMITED,INE043B01028
Regency Ceramics Limited,INE277C01012
REGENCY FINCORP LIMITED,INE964R01013
Regent Enterprises Limited,INE769D01016
REGIS INDUSTRIES LIMITED,INE745R01024
REKVINA LABORATORIES LTD.,INE092O01028
Relaxo Footwears Limited,INE131B01039
Reliable Data Services Limited,INE375Y01018
RELIABLE VENTURES INDIA LTD.,INE419H01019
RELIANCE CHEMOTEX INDUSTRIES L,INE750D01016
Reliance Communications Limited,INE330H01018
Reliance Home Finance Limited,INE217K01011
RELIANCE INDUSTRIAL INFRASTRUC,INE046A01015
Reliance Industries Limited,INE002A01018
RELIANCE INFRASTRUCTURE LTD.,INE036A01016
Reliance Power Limited,INE614G01033
RELIC TECHNOLOGIES LTD.,INE452B01013
Relicab Cable Manufacturing Li,INE773T01014
Religare Enterprises Limited,INE621H01010
REMI EDELSTAHL TUBULARS LIMITE,INE158G01015
Remsons Industries Limited,INE474C01023
Renaissance Global Limited,INE722H01024
Repco Home Finance Limited,INE612J01015
REPONO LIMITED,INE15WN01014
Repro India Limited,INE461B01014
RESGEN LIMITED,INE0NYN01016
RESONANCE SPECIALTIES LTD.,INE486D01017
RESPONSE INFORMATICS LTD,INE401B01010
Responsive Industries Limited,INE688D01026
Restaurant Brands Asia Limited,INE07T201019
RESTILE CERAMICS LTD.,INE298E01022
Retina Paints Limited,INE0NTC01019
Retro Green Revolution Limited,INE601N01010
Revathi Equipment India Limite,INE0DAB01012
Rex Sealing and Packing Indust,INE0MFT01014
REXNORD ELECTRONICS & CONTROLS,INE687C01012
RGF Capital Markets Limited,INE684D01025
Rhetan TMT Limited,INE0KKN01029
RHI MAGNESITA INDIA LIMITED,INE743M01012
RIBA TEXTILES LTD.,INE811H01017
RICH UNIVERSE NETWORK LTD.,INE652D01014
Richfield Financial Services L,INE201C01012
Rico Auto Industries Limited,INE209B01025
Riddhi Corporate Services Limi,INE325X01015
Riddhi Display Equipments Limi,INE1DKT01011
RIDDHI SIDDHI GLUCO BIOLS LTD.,INE249D01019
Riddhi Steel and Tube Limited,INE367U01013
Rikhav Securities Limited,INE0CFH01028
RIR POWER ELECTRONICS LIMITED,INE302D01024
RISA INTERNATIONAL LTD.,INE001O01029
RISHABH DIGHA STEEL & ALLIED P,INE864D01015
Rishabh Instruments Limited,INE0N2P01017
RISHI LASER LTD.,INE988D01012
RISHI TECHTEX LTD.,INE989D01010
Rishiroop Limited,INE582D01013
RITA FINANCE AND LEASING LIMIT,INE018S01016
Ritco Logistics Limited,INE01EG01016
RITES Limited,INE320J01015
RITESH INTERNATIONAL LTD.,INE534D01014
RKD AGRI AND RETAIL LIMITED,INE552N01023
RKEC Projects Limited,INE786W01010
RLF LTD.,INE629C01014
RMC SWITCHGEARS LIMITED,INE655V01019
RNIT AI SOLUTIONS LIMITED,INE335Q01026
RO Jewels Limited,INE0BDU01028
ROADSTAR INFRA INVESTMENT TRUS,INE0JEI23010
Robust Hotels Limited,INE508K01013
RODIUM REALTY LIMITED,INE513E01024
Rolex Rings Limited,INE645S01024
Rollatainers Limited,INE927A01040
Roni Households Limited,INE02AP01013
ROOPA INDUSTRIES LTD.,INE443C01010
ROSE MERC.LTD.,INE649C01012
Rossari Biotech Limited,INE02A801020
Rossell India Limited,INE847C01020
Rossell Techsys Limited,INE0OJW01016
Roto Pumps Limited,INE535D01037
Rotographics (India) Limited,INE364S01014
ROUTE MOBILE LIMITED,INE450U01017
ROYAL CUSHION VINYL PRODUCTS L,INE618A01011
ROYAL INDIA CORPORATION LIMITE,INE510H01015
Royal Orchid Hotels Limited,INE283H01019
Royal Sense Limited,INE0QQG01019
ROYALE MANOR HOTELS & INDUSTRI,INE008C01011
RPG Life Sciences Limited,INE105J01010
RPSG VENTURES LIMITED,INE425Y01011
RR FINANCIAL CONSULTANTS LTD.,INE229D01011
RR METALMAKERS INDIA LIMITED,INE117K01013
RRIL LIMITED,INE951M01037
RSD Finance Limited,INE616F01022
RSWM Limited,INE611A01016
RTS POWER CORPORATION LTD.,INE005C01017
Rubfila International Limited,INE642C01025
Rubicon Research Limited,INE506V01022
RUBY MILLS LTD.,INE301D01026
Ruchi Infrastructure Limited,INE413B01023
Ruchira Papers Limited,INE803H01014
RUDRA ECOVATION LIMITED,INE723D01021
RUDRA GLOBAL INFRA PRODUCTS LI,INE027T01023
Rudrabhishek Enterprises Limited,INE364Z01019
RUKMANI DEVI GARG AGRO IMPEX L,INE0S5T01017
RUNGTA IRRIGATION LTD.,INE347C01013
Rupa & Company Limited,INE895B01021
RUPAREL FOOD PRODUCTS LIMITED,INE239B01014
Rushil Decor Limited,INE573K01025
S Chand And Company Limited,INE807K01035
S H Kelkar and Company Limited,INE500L01026
S V GLOBAL MILL LTD.,INE159L01013
S&S POWER SWITCHGEAR LTD.,INE902B01017
S&T CORPORATION LTD.,INE110Q01023
S. M. Gold Limited,INE00Q901014
S. P. Apparels Limited,INE212I01016
S. V. J. Enterprises Limited,INE0JZS01010
S.A.L. Steel Limited,INE658G01014
S.J.S. Enterprises Limited,INE284S01014
Saatvik Green Energy Limited,INE13B501022
Sab Events & Governance Now Me,INE860T01019
SAB INDUSTRIES LIMITED,INE137M01017
SABOO SODIUM CHLORO LTD.,INE440C01016
Sabrimala Industries India Lim,INE400R01018
SACHETA METALS LTD.,INE433G01020
Sadbhav Engineering Limited,INE226H01026
Sadbhav Infrastructure Project,INE764L01010
Sadhana Nitrochem Limited,INE888C01040
Safa Systems & Technologies Li,INE0JNA01014
Safari Industries (India) Limited,INE429E01023
Safecure Services Limited,INE0SVZ01015
SAFFRON INDUSTRIES LIMITED,INE474D01013
Sagar Cements Limited,INE229C01021
Sagardeep Alloys Limited,INE976T01013
Sagarsoft (India) Limited,INE184B01012
SAGILITY LIMITED,INE0W2G01015
SAHARA HOUSINGFINA CORPORATION,INE135C01012
Sahara Maritime Limited,INE0PSJ01011
Sahyadri Industries Limited,INE280H01015
SAI CAPITAL LTD.,INE531X01018
Sai Life Sciences Limited,INE570L01029
Sai Silks (Kalamandir) Limited,INE438K01021
SAIANAND COMMERCIAL LIMITED,INE092G01024
SAINIK FINANCE & INDUSTRIES LT,INE584B01013
SAINT-GOBAIN SEKURIT INDIA LTD,INE068B01017
Sakar Healthcare Limited,INE732S01012
Saksoft Limited,INE667G01023
SAKTHI FINANCE LTD.,INE302E01014
Sakthi Sugars Limited,INE623A01011
Sakuma Exports Limited,INE190H01024
SAL AUTOMOTIVE LIMITED,INE724G01014
Salasar Techno Engineering Lim,INE170V01027
Salem Erode Investments Ltd.,INE894E01028
Salona Cotspin Limited,INE498E01010
Salzer Electronics Limited,INE457F01013
SAM INDUSTRIES LTD.,INE653D01012
SAMBANDAM SPINNING MILLS LTD.,INE304D01012
Sambhaav Media Limited,INE699B01027
Sambhv Steel Tubes Limited,INE12NJ01018
Samhi Hotels Limited,INE08U801020
SAMKRG PISTONS & RINGS LTD.,INE706B01012
Sammaan Capital Limited,INE148I01020
Sampann Utpadan India Limited,INE735M01018
SAMPAT ALUMINIUM LIMITED,INE10XS01012
SAMPRE NUTRITIONS LTD.,INE375C01022
Samrat Forgings Limited,INE412J01010
SAMRAT PHARMACHEM LTD.,INE103E01016
SAMSRITA LABS LIMITED,INE579N01018
SAMTEL INDIA LTD.,INE538C01017
SAMTEX FASHIONS LTD.,INE931D01020
Samvardhana Motherson Internat,INE775A01035
SAMYAK INTERNATIONAL LTD.,INE607G01011
Sanathan Textiles Limited,INE0JPD01013
SANATHNAGAR ENTERPRISES LIMITE,INE367E01033
SANBLUE CORPORATION LTD.,INE602D01027
SANCHAY FINVEST LTD.,INE654D01010
Sanco Industries Limited,INE782L01012
SANCO TRANS LTD.,INE391G01012
SANDESH LTD.,INE583B01015
Sandhar Technologies Limited,INE278H01035
SANDU PHARMACEUTICALS LTD.,INE751D01014
SANDUR MANGANESE & IRON ORES L,INE149K01016
SANGAL PAPERS LTD.,INE384D01022
Sangam (India) Limited,INE495C01010
Sangam Finserv Limited,INE475D01010
Sanghi Industries Limited,INE999B01013
Sanghvi Movers Limited,INE989A01032
Sanginita Chemicals Limited,INE753W01010
SANJIVANI PARANTERAL LTD.,INE860D01013
SANMIT INFRA LIMITED,INE799C01031
SANMITRA COMMERCIAL LTD.,INE896J01014
Sanofi Consumer Healthcare Ind,INE0UOS01011
Sanofi India Limited,INE058A01010
SANRHEA TECHNICAL TEXTILES LTD,INE589J01015
Sansera Engineering Limited,INE953O01021
Sanstar Limited,INE08NE01025
Sanwaria Consumer Limited,INE890C01046
Sapphire Foods India Limited,INE806T01020
Saptak Chem And Business Limit,INE467X01023
SAPTARISHI AGRO INDUSTRIES LTD,INE233P01017
SARASWATI COMMERCIAL (INDIA) L,INE967G01019
Saraswati Saree Depot Limited,INE0PQ101010
Sarda Energy & Minerals Limited,INE385C01021
Saregama India Limited,INE979A01025
Sarla Performance Fibers Limited,INE453D01025
SARTHAK GLOBAL LTD.,INE075H01019
SARTHAK INDUSTRIES LTD.,INE074H01012
Sarthak Metals Limited,INE017W01010
SARUP INDUSTRIES LTD.,INE305D01019
Sarveshwar Foods Limited,INE324X01026
Sasken Technologies Limited,INE231F01020
Sastasundar Ventures Limited,INE019J01013
SATCHMO HOLDINGS LIMITED,INE639K01016
Satia Industries Limited,INE170E01023
SATIN CREDITCARE NETWORK LIMIT,INE836B01017
SATTRIX INFORMATION SECURITY L,INE0QUV01010
SATTVA SUKUN LIFECARE LIMITED,INE280E01038
Saumya Consultants Ltd.,INE563C01015
Saurashtra Cement Limited,INE626A01014
SAVANI FINANCIALS LTD.,INE304E01010
SAVEN TECHNOLOGIES LTD.,INE856B01023
SAVERA INDUSTRIES LTD.,INE104E01014
Savita Oil Technologies Limited,INE035D01020
SAWACA ENTERPRISES LIMITED,INE248B01023
Sayaji Hotels (Indore) Limited,INE0MGS01014
Sayaji Hotels (Pune) Limited,INE07G501017
SAYAJI HOTELS LTD.,INE318C01014
Sayaji Industries Limited,INE327G01032
SBC Exports Limited,INE04AK01028
SBEC SUGAR LTD.,INE948G01019
SBEC SYSTEMS (INDIA) LTD.,INE689V01018
SBFC Finance Limited,INE423Y01016
SBI CARDS AND PAYMENT SERVICES,INE018E01016
SBI Life Insurance Company Lim,INE123W01016
SBI Mutual Fund,INF200KA1572
SBI Mutual Fund,INF200KA1VQ2
SBI Mutual Fund,INF200KA10B5
SBI Mutual Fund,INF200KB1217
SBI Mutual Fund,INF200KB1282
SBI Mutual Fund,INF200KB1712
SBI MUTUAL FUND - SBI ETF SENS,INF200K01VT2
SBI MUTUAL FUND - SBI GOLD EXC,INF200KA16D8
SBI Mutual Fund-Permitted,INF200KA1580
SBI Mutual Fund-Permitted,INF200KA1FS1
SC Agrotech Limited,INE895E01017
SCAN PROJECTS LTD.,INE393D01015
Scan Steels Limited,INE099G01011
Schaeffler India Limited,INE513A01022
SCHNEIDER ELECTRIC INFRASTRUCT,INE839M01018
Scintilla Commercial & Credit,INE892C01018
SCL-10.25%-26-9-33-NCD,INE148I07PV3
SCL-10.75%-19-03-35-NCD,INE148I07WR7
SCL-8.85%-26-9-26-NCDS,INE148I07GK5
SCL-9.0%-01-08-27-NCD,INE148I07YA9
SCL-9.02%-19-03-28-NCD,INE148I07WU1
SCL-9.48%-9-11-26-NCD,INE148I07QK4
SCL-9.5%-19-6-30-PVT,INE148I07WY3
SCL-9.90%-23-3-26-NCD,INE148I07NY2
SCL-ZC-26-9-26-NCDS,INE148I07GN9
Scoda Tubes Limited,INE090501011
SCOOBEE DAY GARMENTS (INDIA) L,INE962E01015
SEA TV NETWORK LTD.,INE351L01016
Sealmatic India Limited,INE0O4601016
Seamec Limited,INE497B01018
SEASONS TEXTILES LTD.,INE707B01010
SecMark Consultancy Limited,INE0BTM01013
SECUREKLOUD TECHNOLOGIES LIMIT,INE650K01021
Sejal Glass Limited,INE955I01044
SEL Manufacturing Company Limited,INE105I01020
SELLWIN TRADERS LIMITED,INE195F01027
Semac Construction Limited,INE617A01013
Senco Gold Limited,INE602W01027
SENORES PHARMACEUTICALS LIMITE,INE0RB801010
SEPC Limited,INE964H01014
Sequent Scientific Limited,INE807F01027
SERA INVESTMENTS & FINANCE IND,INE017I01027
Servotech Renewable Power System Limited,INE782X01033
Seshaasai Technologies Limited,INE04VU01023
SESHACHAL TECHNOLOGIES LTD.,INE331F01028
SESHASAYEE PAPER & BOARDS LTD.,INE630A01024
Setco Automotive Limited,INE878E01021
SETUBANDHAN INFRASTRUCTURE LIM,INE023M01027
Seya Industries Limited,INE573R01012
SFIL-10.03%-25-4-28-NCD,INE244L07523
SFIL-10.30%-2-2-28-NCD,INE244L07283
SFL-10.25%-27-2-29-NCD,INE302E07649
SFL-10.8%-30-8-26-PVT,INE03K307041
SFL-9.40%-12-7-28-NCD,INE721A07NX5
SG Finserve Limited,INE618R01015
SG Mart Limited,INE385F01024
SGB 2020-21 Series IX,IN0020200377
SGB 2020-21 SERIES XI,IN0020200393
SGB 2020-21 Series XII,IN0020200427
SGB 2021-22 Series I,IN0020210053
SGL RESOURCES LIMITED,INE967B01028
SGN TELECOMS LTD.,INE266C01023
SGSL-9.75%-30-10-27-NCD,INE103C07181
SGSL-9.8%-30-10-30-NCD,INE103C07173
SHADOWFAX TECHNOLOGIES LIMITED,INE12UN01015
Shah Alloys Limited,INE640C01011
Shah Metacorp Limited,INE482J01021
Shahi Shipping Limited,INE825D01016
Shahlon Silk Industries Limite,INE052001026
Shaily Engineering Plastics Limited,INE151G01028
SHAKTI PRESS LTD.,INE794C01016
Shakti Pumps (India) Limited,INE908D01010
Shalby Limited,INE597J01018
SHALIBHADRA FINANCE LTD.,INE861D01011
Shalimar Paints Limited,INE849C01026
SHALIMAR PRODUCTIONS LTD.,INE435E01020
SHALIMAR WIRES INDUSTRIES LTD.,INE655D01025
SHANGAR DECOR LIMITED,INE118R01032
Shankar Lal Rampal Dye-Chem Li,INE01NE01012
Shankara Building Products Lim,INE274V01019
Shankara Buildpro Limited,INE24OJ01011
Shantai Industries Limited,INE408F01024
SHANTANU SHEOREY AQUAKULT LTD.,INE545N01019
Shanthi Gears Limited,INE631A01022
Shanti Educational Initiatives,INE440T01028
SHANTI GOLD INTERNATIONAL LIMI,INE06ZD01017
SHANTI GURU INDUSTRIES LIMITED,INE892L01019
Shanti Overseas (India) Limited,INE933X01016
SHANTI SPINTEX LIMITED,INE0QZQ01019
SHANTIDOOT INFRA SERVICES LIMI,INE0LU301014
SHARANAM INFRAPROJECT AND TRAD,INE104S01022
SHARAT INDUSTRIES LTD.,INE220Z01013
Sharda Cropchem Limited,INE221J01015
SHARDA ISPAT LTD.,INE385M01012
Sharda Motor Industries Limited,INE597I01028
SHARDUL SECURITIES LTD.,INE037B01020
Share India Securities Limited,INE932X01026
Share Samadhan Limited,INE0LY301010
SHARIKA ENTERPRISES LIMITED,INE669Y01022
SHARMA EAST INDIA HOSPITALS &,INE465H01012
SHARP INDIA LTD.,INE207B01011
SHARP INVESTMENTS LTD,INE909D01026
SHARPLINE BROADCAST LIMITED,INE647W01014
SHARVAYA METALS LIMITED,INE0UJF01018
Shashijit Infraprojects Limite,INE700V01021
SHAYONA ENGINEERING LIMITED,INE0UCL01011
Sheela Foam Limited,INE916U01025
Sheetal Cool Products Limited,INE501Y01019
Shekhawati Industries Limited,INE268L01046
SHELTER INFRA PROJECTS LTD.,INE413C01013
SHELTER PHARMA LIMITED,INE013V01011
Shemaroo Entertainment Limited,INE363M01019
SHERVANI INDUSTRIAL SYNDICATE,INE011D01013
SHESHADRI INDUSTRIES LIMITED,INE193R01019
SHETRON LTD.,INE278C01010
SHIKHAR CONSULTANTS LTD.,INE641B01011
Shilchar Technologies Limited,INE024F01011
SHILP GRAVURES LTD.,INE960A01017
Shilpa Medicare Limited,INE790G01031
Shine Fashions (India) Limited,INE0BLY01023
SHINING TOOLS LIMITED,INE0D8001018
SHIPPING CORPORATION OF INDIA,INE109A01011
Shipping Corporation of India,INE0PB301013
Shipwaves Online Limited,INE0O9L01010
Shish Industries Limited,INE145Y01023
Shiv Aum Steels Limited,INE719F01016
SHIV TEXCHEM LIMITED,INE0YRO01015
SHIVA CEMENT LTD.,INE555C01029
SHIVA GLOBAL AGRO INDUSTRIES L,INE960E01019
Shiva Mills Limited,INE644Y01017
Shiva Texyarn Limited,INE705C01020
SHIVAGRICO IMPLEMENTS LTD.,INE092H01014
Shivalik Bimetal Controls Limited,INE386D01027
Shivalik Rasayan Limited,INE788J01021
Shivam Autotech Limited,INE637H01024
SHIVAM CHEMICALS LIMITED,INE0SGR01013
SHIVAMSHREE BUSINESSES LIMITED,INE857P01021
Shivansh Finserv Limited,INE728Q01014
SHLOKKA DYES LIMITED,INE1EUB01016
Shoppers Stop Limited,INE498B01024
SHRADDHA PRIME PROJECTS LTD,INE311M01018
Shradha AI Technologies Limite,INE489B01031
Shradha Infraprojects Limited,INE715Y01031
Shree Ajit Pulp And Paper Ltd.,INE185C01017
Shree Bhavya Fabrics Limited,INE363D01018
SHREE CEMENT LIMITED,INE070A01015
Shree Digvijay Cement Co.Ltd,INE232A01011
Shree Ganesh Biotech (India) L,INE051N01026
SHREE GANESH ELASTOPLAST LTD.,INE400N01017
Shree Ganesh Remedies Limited,INE414Y01015
SHREE HANUMAN SUGAR & INDUSTRI,INE101H01013
SHREE HARI CHEMICALS EXPORT LT,INE065E01017
SHREE KARTHIK PAPERS LTD.,INE538D01015
SHREE KRISHNA PAPER MILLS & IN,INE970C01012
SHREE METALLOYS LTD.,INE914B01012
SHREE PACETRONIX LTD.,INE847D01010
SHREE PRECOATED STEELS LTD.,INE318K01025
Shree Pushkar Chemicals & Fert,INE712K01011
SHREE RAJASTHAN SYNTEX LTD.,INE796C01011
Shree Ram Proteins Limited,INE008Z01020
Shree Rama Multi-Tech Limited,INE879A01019
Shree Rama Newsprint Limited,INE278B01020
SHREE REFRIGERATIONS LIMITED,INE0FMZ01045
Shree Renuka Sugars Limited,INE087H01022
SHREE SALASAR INVESTMENT LTD.,INE315N01017
Shree Securities Ltd.,INE397C01026
SHREE STEEL WIRE ROPES LTD.,INE387D01025
SHREE TIRUPATI BALAJEE AGRO TR,INE0S2G01011
Shree Vasu Logistics Limited,INE00CE01017
Shreeji Shipping Global Limite,INE1B6101010
Shreeji Translogistics Limited,INE402Y01028
SHREENATH PAPER PRODUCTS LIMIT,INE0RXS01018
ShreeOswal Seeds And Chemicals Limited,INE00IK01029
Shrenik Limited,INE632X01030
Shreyans Industries Limited,INE231C01019
SHREYAS INTERMEDIATES LTD.,INE115F01017
SHRI BAJRANG ALLIANCE LIMITED,INE402H01015
Shri Balaji Valve Components L,INE0RNZ01014
SHRI DINESH MILLS LTD.,INE204C01024
SHRI GANG INDUSTRIES AND ALLIE,INE241V01018
SHRI JAGDAMBA POLYMERS LTD.,INE564J01026
Shri Keshav Cements and Infra,INE260E01014
SHRI KRISHNA DEVCON LTD.,INE997I01012
Shri Niwas Leasing and Finance,IN9201F01013
SHRI VASUPRADA PLANTATIONS LIM,INE574G01013
Shri Venkatesh Refineries Limi,INE0HLJ01013
SHRINGAR HOUSE OF MANGALSUTRA,INE1B3L01017
SHRIRAM ASSET MANAGEMENT CO.LT,INE777G01012
Shriram Finance Limited,INE721A01047
Shriram Pistons & Rings Limited,INE526E01018
Shriram Properties Limited,INE217L01019
SHRISTI INFRASTRUCTURE DEVELOP,INE472C01027
SHRYDUS INDUSTRIES LIMITED,INE488C01015
Shubham Polyspin Limited,INE01J501010
SHUKRA BULLIONS LTD.,INE561E01015
SHUKRA JEWELLERS LTD.,INE344E01016
Shukra Pharmaceuticals Limited,INE551C01044
Shyam Century Ferrous Limited,INE979R01011
Shyam Metalics and Energy Limi,INE810G01011
Shyam Telecom Limited,INE635A01023
Shyama Computronics and Servic,INE861E01019
SHYAMKAMAL INVESTMENTS LTD.,INE203N01015
SIBAR AUTO PARTS LTD.,INE441C01014
SICAGEN INDIA LTD.,INE176J01011
Sical Logistics Limited,INE075B01020
SIDDHA VENTURES LTD.,INE140C01012
SIDDHESWARI GARMENTS LTD.,INE797C01019
Siemens Energy India Limited,INE1NPP01017
Siemens Limited,INE003A01024
Sigachi Industries Limited,INE0D0K01022
Sigma Solve Limited,INE0A0S01028
SIGNATUREGLOBAL (INDIA) LIMITE,INE903U01023
Signet Industries Limited,INE529F01035
Signpost India Limited,INE0KGZ01021
SIHORA INDUSTRIES LIMITED,INE0SFA01011
SIKA INTERPLANT SYSTEMS LTD.,INE438E01032
Sikko Industries Limited,INE112X01025
SIKOZY REALTORS LIMITED,INE528E01022
SIL Investments Limited,INE923A01015
Silgo Retail Limited,INE01II01013
SILICON RENTAL SOLUTIONS LIMIT,INE0MNV01014
Silly Monks Entertainment Limited,INE203Y01012
SILVER OAK (INDIA) LTD.,INE870J01019
Silver Touch Technologies Limi,INE625X01018
SILVERLINE TECHNOLOGIES LTD.,INE368A01021
Simbhaoli Sugars Limited,INE748T01016
SIMMONDS MARSHALL LTD.,INE657D01021
SIMPLEX CASTINGS LTD.,INE658D01011
Simplex Infrastructures Limited,INE059B01024
SIMPLEX PAPERS LTD.,INE456H01029
SIMPLEX REALTY LTD.,INE167H01014
SIMRAN FARMS LTD.,INE354D01017
Sinclairs Hotels Limited,INE985A01022
Sindhu Trade Links Limited,INE325D01025
SINGER INDIA LTD.,INE638A01035
Sintercom India Limited,INE129Z01016
SIR SHADI LAL ENTERPRISES LTD.,INE117H01019
Sirca Paints India Limited,INE792Z01011
SIS LIMITED,INE285J01028
SITA ENTERPRISES LTD.,INE579D01019
Siti Networks Limited,INE965H01011
Siyaram Recycling Industries L,INE0QSK01017
Siyaram Silk Mills Limited,INE076B01028
SIZEMASTERS TECHNOLOGY LIMITED,INE235U01012
SJVN Limited,INE002L01015
SK Minerals & Additives Limite,INE13YH01017
SKF India (Industrial) Limited,INE2J8701016
SKF India Limited,INE640A01023
Skipper Limited,INE439E01022
SKM EGG PRODUCTS EXPORT (INDIA,INE411D01023
SKM Egg Products Export (India) Limited,INE411D01015
SKP SECURITIES LTD.,INE709B01016
SKY GOLD AND DIAMONDS LIMITED,INE01IU01018
SKY INDUSTRIES LTD.,INE765B01018
SKYLINE MILLARS LTD.,INE178E01026
SKYLINE VENTURES INDIA LIMITED,INE055Q01012
Smart Finsec Limited,INE766D01020
Smartlink Holdings Limited,INE178C01020
SMARTWORKS COWORKING SPACES LI,INE0NAZ01010
SMC Global Securities Limited,INE103C01036
SMCGSL-10%-24-04-27-NCD,INE103C07074
SMCGSL-10.03%-24-04-30-NCD,INE103C07082
SMCGSL-10.40%-07-08-29-NCD,INE103C07066
SMCGSL-10.50%-24-04-30-NCD,INE103C07090
SMCGSL-24-04-27-NCD,INE103C07124
SMCGSL-ZC-07-8-26-NCD,INE103C07033
SMITHS & FOUNDERS (INDIA) LIMI,INE728B01032
SML Mahindra Limited,INE294B01019
SML-10.40%-23-2-26-PVT,INE982X07440
SML-13.85%-12-7-29-PVT,INE982X08109
Smruthi Organics Limited,INE172E01011
SMS Pharmaceuticals Limited,INE812G01025
SMT ENGINEERING LIMITED,INE673E01018
SNL BEARINGS LTD.,INE568F01017
Snowman Logistics Limited,INE734N01019
SOBHA,INE671H01015
SOBHAGYA MERCHANTILE LTD.,INE754D01018
SODHANI CAPITAL LIMITED,INE0QU501030
SOFCOM SYSTEMS LIMITED,INE499Q01012
SOFTRAK VENTURE INVESTMENT LTD,INE562E01021
SOFTSOL INDIA LTD.,INE002B01016
Softtech Engineers Limited,INE728Z01015
Solar Industries India Limited,INE343H01029
SOLARA ACTIVE PHARMA SCIENCES,INE624Z01016
SOLARA ACTIVE PHARMA SCIENCES,IN9624Z01022
SOLARIUM GREEN ENERGY LIMITED,INE0W0H01017
Solarworld Energy Solutions Li,INE0TY101024
Solex Energy Limited,INE880Y01017
SOLID STONE COMPANY LTD.,INE584G01012
SOLITAIRE MACHINE TOOLS LTD.,INE410A01013
Solvex Edibles Limited,INE1IIQ01028
SOM DATT FINANCE CORPORATION L,INE754C01010
SOM DISTILLERIES & BREWERIES L,INE480C01038
SOMA PAPERS & INDUSTRIES LTD.,INE737E01011
Soma Textiles & Industries Limited,INE314C01013
Somany Ceramics Limited,INE355A01028
Somi Conveyor Beltings Limited,INE323J01019
Sona BLW Precision Forgings Li,INE073K01018
SONAL ADHESIVES LTD.,INE344I01017
Sonal Mercantile Limited,INE321M01017
Sonalis Consumer Products Limi,INE0N5O01013
SONAM LIMITED,INE00LM01029
Sonata Software Limited,INE269A01021
SOURCE NATURAL FOODS & HERBAL,INE679C01027
SOUTH INDIA PAPER MILLS LTD.,INE088G01014
SOUTH INDIAN BANK LTD.,INE683A01023
South West Pinnacle Exploratio,INE980Y01015
SOUTHERN INFOCONSULTANTS LIMIT,INE298B01010
SOUTHERN LATEX LTD.,INE410M01018
SOUTHERN MAGNESIUM & CHEMICALS,INE308N01012
Southern Petrochemicals Industries Corporation  Limited,INE147A01011
SOVEREIGN DIAMONDS LTD.,INE959D01013
SOVEREIGN GOLD BOND 2019 SERIE,IN0020180462
SOVEREIGN GOLD BOND 2019-20 SE,IN0020190081
SOVEREIGN GOLD BOND 2019-20 SE,IN0020190107
Sovereign Gold Bond 2020-21 IV,IN0020200146
Sovereign Gold Bond Series IV,IN0020210111
Sovereign Gold Bonds 2020-21 S,IN0020200062
Sovereign Gold Bonds 2020-21 S,IN0020200088
Sovereign Gold Bonds 2020-21 S,IN0020200104
Sovereign Gold Bonds 2020-21 S,IN0020200195
Sovereign Gold Bonds 2020-21 S,IN0020200286
Sovereign Gold Bonds 2020-21 V,IN0020200161
Sovereign Gold Bonds 2021-21 S,IN0020200385
Sovereign Gold Bonds 2021-22,IN0020210087
Sovereign Gold Bonds 2021-22 S,IN0020210129
Sovereign Gold Bonds 2021-22 S,IN0020210145
Sovereign Gold Bonds 2021-22 S,IN0020210178
Sovereign Gold Bonds 2021-22 S,IN0020210228
Sovereign Gold Bonds 2021-22 S,IN0020210319
Sovereign Gold Bonds 2022-23 S,IN0020220045
Sovereign Gold Bonds 2022-23 S,IN0020220078
Sovereign Gold Bonds 2023-24 S,IN0020230069
Sovereign Gold Bonds 2023-24 S,IN0020230093
Sovereign Gold Bonds 2023-24 S,IN0020230168
Sovereign Gold Bonds 2023-24 S,IN0020230184
Soveriegn Gold Bonds 2021-22 S,IN0020210236
Soverign Gold Bond 2022-23 Sr,IN0020220110
SP CAPITAL FINANCING LTD.,INE102F01015
SPA Capital Services Limited,INE726X01014
Space Incubatrics Technologies,INE797Z01028
Spacenet Enterprises India Limited,INE970N01027
Spandana Sphoorty Financial Li,INE572J01011
Spandana Sphoorty Financial Li,IN9572J01019
SPARC ELECTREX LIMITED,INE960B01015
SPARKLE GOLD ROCK LIMITED,INE618F01010
Speciality Restaurants Limited,INE247M01014
SPECTRA INDUSTRIES LTD.,INE848B01012
Spectrum Electrical Industries,INE01EO01010
SPECTRUM FOODS LTD.,INE547C01018
SPEL SEMICONDUCTOR LTD.,INE252A01019
Spencer's Retail Limited,INE020801028
SPENTA INTERNATIONAL LTD.,INE175C01018
SPICE ISLANDS INDUSTRIES LIMIT,INE882D01017
SPICE LOUNGE FOOD WORKS LIMITE,INE631E01024
SPICEJET LTD.,INE285B01017
SPINAROO COMMERCIAL LIMITED,INE10XX01012
SPL Industries Limited,INE978G01016
SPML Infra Limited,INE937A01023
Sportking India Limited,INE885H01029
Sprayking Limited,INE537U01037
SPRIGHT AGRO LIMITED,INE179O01031
SQUARE FOUR PROJECTS INDIA LIM,INE716K01020
SREE RAYALASEEMA HI-STRENGTH H,INE917H01012
SREECHEM RESINS LTD.,INE377C01010
Sreeleathers Limited,INE099F01013
Srestha Finvest Limited,INE606K01049
SRF Limited,INE647A01010
SRG Housing Finance Limited,INE559N01010
SRI ADHIKARI BROTHERS TELEVISI,INE416A01044
Sri Chakra Cement Limited,INE827D01020
Sri Havisha Hospitality and Infrastructure Limited,INE293B01029
SRI KPR INDUSTRIES LTD.,INE009C01019
SRI LAKSHMI SARASWATHI TEXTILE,INE456D01010
Sri Lotus Developers and Realt,INE0V9Q01010
SRI NACHAMMAI COTTON MILLS LTD,INE443E01016
SRI RAMAKRISHNA MILLS (COIMBAT,INE306D01017
SRIGEE DLM LIMITED,INE0RJ901010
SRM Contractors Limited,INE0R6Z01013
SRM ENERGY LTD.,INE173J01018
SRU Steels Limited,INE425C01017
SSFL-9.81%-2-4-26-PVT,INE572J07703
SSMD AGROTECH INDIA LIMITED,INE1U2R01013
SSPDL LTD.,INE838C01011
Stallion India Fluorochemicals,INE0RYC01010
STANBIK AGRO LIMITED,INE16QA01011
STANDARD BATTERIES LTD.,INE502C01039
STANDARD CAPITAL MARKETS LTD.,INE625D01028
STANDARD ENGINEERING TECHNOLOG,INE0M4D01010
Standard Industries Limited,INE173A01025
STANDARD SURFACTANTS LTD.,INE307D01015
Stanley Lifestyles Limited,INE01A001028
STANPACKS (INDIA) LTD.,INE457D01018
STANROSE MAFATLAL INVESTMENTS,INE441L01015
Star Cement Limited,INE460H01021
STAR DELTA TRANSFORMERS LIMITE,INE541K01014
Star Health and Allied Insuran,INE575P01011
STAR HOUSING FINANCE LIMITED,INE526R01028
STAR IMAGING AND PATH LAB LIMI,INE0YG001013
Star Paper Mills Limited,INE733A01018
STARLINEPS ENTERPRISES LIMITED,INE594W01042
Starlog Enterprises Limited,INE580C01019
STARSOURCE MULTITRADE LIMITED,INE320M01019
Starteck Finance Limited,INE992I01013
State Bank of India,INE062A01020
STATE TRADING CORPORATION OF I,INE655A01013
Steel Authority of India Limited,INE114A01011
Steel City Securities Limited,INE395H01011
STEEL EXCHANGE INDIA LIMITED,INE503B01021
STEEL STRIPS INFRASTRUCTURES L,INE205F01016
Steel Strips Wheels Limited,INE802C01033
Steelcast Limited,INE124E01038
STEELCO GUJARAT LTD.,INE629B01032
Stel Holdings Limited,INE577L01016
STELLANT SECURITIES (INDIA) LT,INE395F01023
STELLAR CAPITAL SERVICES LTD,INE325P01011
STEP TWO CORPORATION LTD.,INE623D01015
STERLING AND WILSON RENEWABLE,INE00M201021
STERLING GREEN WOODS LTD.,INE398F01019
STERLING POWERGENSYS LTD,INE067E01013
Sterling Tools Limited,INE334A01023
Sterlite Technologies Limited,INE089C01029
STL Global Limited,INE353H01010
STL Networks Limited,INE1VXE01018
Storage Technologies and Autom,INE0RGM01016
Stove Kraft Limited,INE00IN01015
STOVEC INDUSTRIES LTD.,INE755D01015
STRATMONT INDUSTRIES LIMITED,INE473C01025
Strides Pharma Science Limited,INE939A01011
Studds Accessories Limited,INE00Q601028
Stylam Industries Limited,INE239C01020
Styrenix Performance Materials,INE189B01011
SUBAM PAPERS LIMITED,INE0U6201010
Subex Limited,INE754A01055
Subros Limited,INE287B01021
SUDAL INDUSTRIES LTD.,INE618D01015
SUDARSHAN CHEMICAL INDUSTRIES,INE659A01023
SUDARSHAN PHARMA INDUSTRIES LI,INE00TV01023
Sudeep Pharma Limited,INE0QPI01025
SUDITI INDUSTRIES LTD.,INE691D01012
SUGAL & DAMANI SHARE BROKERS L,INE309D01011
SUGS LLOYD LIMITED,INE0XX801016
Sujala Trading & Holding Ltd.,INE029H01016
Sukhjit Starch & Chemicals Limited,INE450E01029
Sula Vineyards Limited,INE142Q01026
SULABH ENGINEERS & SERVICES LT,INE673M01029
SUMEDHA FISCAL SERVICES LTD.,INE886B01012
Sumeet Industries Limited,INE235C01036
SUMERU INDUSTRIES LTD.,INE764B01029
Sumit Woods Limited,INE748Z01013
SUMITOMO CHEMICAL INDIA LIMITE,INE258G01013
Summit Securities Limited,INE519C01017
Sumuka Agro Industries Limited,INE311N01016
SUN PHARMA ADVANCED RESEARCH C,INE232I01014
SUN PHARMACEUTICAL INDUSTRIES,INE044A01036
Sun Retail Limited,INE206Z01020
Sun TV Network Limited,INE424H01027
Suncare Traders Limited,INE452S01025
SUNCITY SYNTHETICS LTD.,INE584D01019
Sundaram Brake Linings Limited,INE073D01013
Sundaram Clayton Limited,INE0Q3R01026
Sundaram Finance Limited,INE660A01013
Sundaram Multi Pap Limited,INE108E01023
Sundram Fasteners Limited,INE387A01021
Sundrop Brands Limited,INE209A01019
SUNFLAG IRON & STEEL CO.LTD.,INE947A01014
SUNGOLD CAPITAL LTD.,INE271D01013
SUNIL AGRO FOODS LTD.,INE224D01012
SUNIL HEALTHCARE LTD,INE671C01016
Sunita Tools Limited,INE0Q1S01010
SUNRAKSHAKK INDUSTRIES INDIA L,INE671K01027
Sunrise Efficient Marketing Li,INE0KPY01017
SUNSHIELD CHEMICALS LTD.,INE199E01014
Sunshine Capital Ltd.,INE974F01025
Sunsky Logistics Limited,INE10CM01027
Sunteck Realty Limited,INE805D01034
SUPER BAKERS (INDIA) LTD.,INE897A01011
SUPER CROP SAFE LTD.,INE366G01022
Super Iron Foundry Limited,INE16IQ01014
SUPER SALES INDIA LTD.,INE091C01017
Super Spinning Mills Limited,INE662A01027
SUPER TANNERY LIMITED,INE460D01038
Superhouse Limited,INE712B01010
Superior Finlease Limited,INE574R01028
SUPERIOR INDUSTRIAL ENTERPRISE,INE843L01012
SUPERTEX INDUSTRIES LTD.,INE881B01054
SUPHA PHARMACHEM LIMITED,INE549S01036
Supra Pacific Financial Servic,INE268T01015
Supra Trends Limited,INE533B01028
Suprajit Engineering Limited,INE399C01030
Supreme Engineering Limited,INE319Z01021
SUPREME HOLDINGS & HOSPITALITY,INE822E01011
Supreme Industries Limited,INE195A01028
SUPREME INFRASTRUCTURE INDIA L,INE550H01011
Supreme Petrochem Limited,INE663A01033
Supriya Lifescience Limited,INE07RO01027
Suraj Estate Developers Limite,INE843S01025
SURAJ INDUSTRIES LTD.,INE170U01011
Suraj Limited,INE713C01016
SURAJ PRODUCTS LTD.,INE069E01019
Suraksha Diagnostic Limited,INE877V01027
Surana Solar Limited,INE272L01022
SURANA TELECOM AND POWER LIMIT,INE130B01031
Surat Trade and Mercantile Lim,INE936A01025
SURATWWALA BUSINESS GROUP LIMI,INE05ST01028
Survottam Finvest Ltd.,INE822Q01015
Surya Roshni Limited,INE335A01020
Suryalakshmi Cotton Mills Limited,INE713B01026
SURYALATA SPINNING MILLS LTD.,INE132C01027
SURYO FOODS & INDUSTRIES LTD.,INE565E01016
Suryoday Small Finance Bank Li,INE428Q01011
SUTLEJ TEXTILES & INDUSTRIES L,INE645H01027
Suven Life Sciences Limited,INE495B01038
Suvidhaa Infoserve Limited,INE018401013
Suyog Gurbaxani Funicular Rope,INE07GA01011
Suyog Telematics Limited,INE442P01014
Suzlon Energy Limited,INE040H01021
SVAM SOFTWARE LTD.,INE119B01018
SVARAJ TRADING & AGENCIES LTD.,INE406N01014
SVC INDUSTRIES LIMITED,INE038B01010
SVP GLOBAL TEXTILES LIMITED,INE308E01029
SVS VENTURES LIMITED,INE0MID01012
SWADESHI INDUSTRIES LEASING CO,INE716M01034
SWADESHI POLYTEX LTD.,INE243N01029
Swagatam Trading & Services Li,INE150R01019
SWAN CORP LIMITED,INE665A01038
Swan Defence and Heavy Industries Limited,INE542F01020
Swaraj Engines Limited,INE277A01016
SWARNA SECURITIES LTD.,INE595G01018
SWARNSARITA JEWELS INDIA LIMIT,INE967A01012
SWASTI VINAYAKA ART AND HERITA,INE895A01023
SWASTI VINAYAKA SYNTHETICS LTD,INE804A01025
SWASTIKA INVESTMART LTD.,INE691C01022
Swati Projects Limited,INE210F01016
Swelect Energy Systems Limited,INE409B01013
Swiggy Limited,INE00H001014
SWISS MILITARY CONSUMER GOODS,INE010C01025
SWITCHING TECHNOLOGIES GUNTHER,INE311D01017
SWOJAS FOODS LIMITED,INE295B01016
SYBLY INDUSTRIES LTD.,INE080D01042
Sylph Industries Limited,INE706F01021
Symbiox Investment & Trading C,INE653R01012
Symphony Limited,INE225D01027
Syncom Formulations (India) Limited,INE312C01025
Synergy Green Industries Limit,INE00QT01015
Syngene International Limited,INE398R01022
SYNTHIKO FOILS LTD.,INE363L01045
Syrma SGS Technology Limited,INE0DYJ01015
SYSCHEM (INDIA) LTD.,INE121D01036
SYSTEMATIC INDUSTRIES LIMITED,INE1KLZ01011
SYSTEMATIX CORPORATE SERVICES,INE356B01024
SYSTEMATIX SECURITIES LTD.,INE07P301011
T & I GLOBAL LTD.,INE811B01010
T D POWER SYSTEMS LTD.,INE419M01027
T T Limited,INE592B01024
T.SPIRITUAL WORLD LTD.,INE541C01037
TAAL TECH LIMITED,INE524T01011
TAHMAR ENTERPRISES LIMITED,INE385D01029
TAI INDUSTRIES LTD.,INE358D01018
Tainwala Chemical and Plastic (I) Limited,INE123C01018
Taj GVK Hotels & Resorts Limited,INE586B01026
Take Solutions Limited,INE142I01023
TAKYON NETWORKS LIMITED,INE14OX01013
TALBROS AUTOMOTIVE COMPONENTS,INE187D01029
TALBROS ENGINEERING LIMITED,INE717E01013
TAMBOLI INDUSTRIES LIMITED,INE864J01012
TAMIL NADU NEWSPRINT & PAPERS,INE107A01015
Tamilnad Mercantile Bank Limit,INE668A01016
Tamilnadu PetroProducts Limited,INE148A01019
Tamilnadu Telecommunication Limited,INE141D01018
TANEJA AEROSPACE & AVIATION LT,INE692C01020
TANFAC INDUSTRIES LTD.,INE639B01015
Tanla Platforms Limited,INE483C01032
Tara Chand InfraLogistic Solutions Limited,INE555Z01020
TARAI FOODS LTD.,INE906C01016
Tarapur Transformers Limited,INE747K01017
TARC Limited,INE0EK901012
Tarmat Limited,INE924H01018
Tarsons Products Limited,INE144Z01023
Tasty Bite Eatables Limited,INE488B01017
Tasty Dairy Specialities Limit,INE773Y01014
Tata Capital Limited,INE976I01016
Tata Chemicals Limited,INE092A01019
Tata Communications Limited,INE151A01013
Tata Consultancy Services Limited,INE467B01029
TATA CONSUMER PRODUCTS LIMITED,INE192A01025
Tata Elxsi Limited,INE670A01012
Tata Investment Corporation Limited,INE672A01026
Tata Motors Limited,INE1TAE01010
TATA MOTORS PASSENGER VEHICLES,INE155A01022
Tata Mutual Fund - Permitted,INF277KA1976
TATA POWER CO.LTD.,INE245A01021
Tata Steel Limited,INE081A01020
Tata Technologies Limited,INE142M01025
TATA TELESERVICES (MAHARASHTRA,INE517B01013
TATIA GLOBAL VENNTURE LTD.,INE083G01031
Tatva Chintan Pharma Chem Limi,INE0GK401011
TAVERNIER RESOURCES LIMI,INE355H01015
Taylormade Renewables Limited,INE459Z01017
TBO Tek Limited,INE673O01025
TCAP-8.65%-26-8-27-NCD,INE306N07LM5
TCC CONCEPT LIMITED,INE887D01016
TCFC FINANCE LTD.,INE389D01013
TCHF-8.1%-14-1-28-NCD,INE033L07GS6
TCHF-8.4%-14-1-28-NCD,INE033L07GU2
TCI Express Limited,INE586V01016
TCI Finance Limited,INE911B01018
TCI INDUSTRIES LTD.,INE920B01019
TCL-13.50%-18-1-27-PVT,INE00DJ07045
TCM LTD.,INE034F01010
TCPL Packaging Limited,INE822C01015
Team India Guaranty Limited,INE289C01025
TEAM24 CONSUMER PRODUCTS LIMIT,INE601A01017
Teamlease Services Limited,INE985S01024
Teamo Productions HQ Limited,INE065J01024
Tech Mahindra Limited,INE669C01036
TECHKNOWGREEN SOLUTIONS LIMITE,INE0P4P01011
Techno Electric & Engineering,INE285K01026
TECHNOCRAFT INDUSTRIES (INDIA),INE545H01011
TechNVision Ventures Limited,INE314H01012
TECIL CHEMICALS & HYDRO POWER,INE014B01011
TEESTA AGRO INDUSTRIES LTD.,INE757D01011
Tega Industries Limited,INE011K01018
Tejas Networks Limited,INE010J01012
TEJASSVI AAHARAM LIMITED,INE173E01019
Tejnaksh Healthcare Limited,INE030T01027
TELECANOR GLOBAL LTD.,INE381G01013
TELGE PROJECTS LIMITED,INE0SRP01014
TELOGICA LIMITED,INE778I01024
Tembo Global Industries Limited,INE869Y01010
Tenneco Clean Air India Limite,INE19RI01016
Tera Software Limited,INE482B01010
TERAI TEA CO.LTD.,INE390D01011
TEXEL INDUSTRIES LTD.,INE594V01028
TEXMACO INFRASTRUCTURE & HOLDI,INE435C01024
Texmaco Rail & Engineering Limited,INE621L01012
TEXMO PIPES & PRODUCTS LTD.,INE141K01013
TGB Banquets And Hotels Limited,INE797H01018
TGIF AGRIBUSINESS LIMITED,INE0SMU01015
TGV SRAAC Limited,INE284B01028
THACKER & CO.LTD.,INE077P01034
THAKKERS DEVELOPERS LTD.,INE403F01017
THAKRAL SERVICES (INDIA) LTD.,INE190F01028
Thangamayil Jewellery Limited,INE085J01014
The Anup Engineering Limited,INE294Z01018
The Byke Hospitality Ltd,INE319B01014
The Grob Tea Company Limited,INE646C01018
The Hi-Tech Gears Limited,INE127B01011
The Indian Wood Products Co. L,INE586E01020
THE INVESTMENT TRUST OF INDIA,INE924D01017
The New India Assurance Compan,INE470Y01017
The Peria Karamalai Tea & Produce Company Limited,INE431F01018
The Phoenix Mills Limited,INE211B01039
The Phosphate Company Limited,INE398C01016
The Ramco Cements Limited,INE331A01037
The Ravalgaon Sugar Farm Limit,INE615A01025
The Ugar Sugar Works Limited,INE071E01023
The United Nilgiri Tea Estates Company Limited,INE458F01011
The Wealth Company Mutual Fund,INF2F0001370
The Western India Plywoods Limited,INE215F01023
The Yamuna Syndicate Ltd,INE868X01014
Thejo Engineering Limited,INE121N01019
Themis Medicare Limited,INE083B01024
Thermax Limited,INE152A01029
THFPL-9.75%-16-8-27-PVT,INE0Q6I07017
THINKINK PICTUREZ LIMITED,INE365S01045
THIRANI PROJECTS LTD,INE901C01017
Thirumalai Chemicals Limited,INE338A01024
Thomas Cook  (India)  Limited,INE332A01027
Thomas Scott (India) Limited,INE480M01011
THREE M PAPER BOARDS LIMITED,INE0UK501010
THRIVE FUTURE HABITATS LIMITED,INE628D01014
Thyrocare Technologies Limited,INE594H01019
TIAAN CONSUMER LIMITED,INE864T01011
Tierra Agrotech Limited,INE05CY01014
Tiger Logistics (India) Limited,INE906O01029
Tijaria Polypipes Limited,INE440L01017
TIL Limited,INE806C01018
Tilak Ventures Limited,INE026L01022
Tilaknagar Industries Limited,INE133E01013
Time Technoplast Limited,INE508G01029
Times Green Energy (India) Lim,INE0B6101012
TIMEX GROUP INDIA LTD.,INE064A01026
Timken India Limited,INE325A01013
TINNA RUBBER AND INFRASTRUCTUR,INE015C01016
Tips Films Limited,INE0LQS01015
Tips Music Limited,INE716B01029
TIRTH PLASTIC LTD.,INE008N01018
TIRUPATI FOAM LIMITED,INE115G01015
Tirupati Forge Limited,INE319Y01024
TIRUPATI INNOVAR LIMITED,INE812Q01016
TIRUPATI SARJAN LTD.,INE297J01023
TIRUPATI STARCH & CHEMICALS LT,INE314D01011
TITAGARH RAIL SYSTEMS LIMITED,INE615H01020
TITAN BIOTECH LTD.,INE150C01011
Titan Company Limited,INE280A01028
TITAN INTECH LIMITED,INE807M01031
TITAN SECURITIES LTD.,INE090D01017
TOKYO FINANCE LTD.,INE546D01018
Tokyo Plast International Limited,INE932C01012
Tolins Tyres Limited,INE0RWQ01014
TOMORROW TECHNOLOGIES GLOBAL I,INE135H01029
Torrent Pharmaceuticals Limited,INE685A01028
Torrent Power Limited,INE813H01021
TOSS THE COIN LIMITED,INE0XAY01012
Total Transport Systems Limited,INE336X01012
Touchwood Entertainment Limited,INE486Y01013
TOURISM FINANCE CORPORATION OF,INE305A01023
TOYAM SPORTS LIMITED,INE457P01020
TPI INDIA LTD.,INE578C01021
TPL Plastech Limited,INE413G01022
Tracxn Technologies Limited,INE0HMF01019
TRADE WINGS LTD.,INE961E01017
TRADEWELL HOLDINGS LIMITED,INE819G01012
TRANS INDIA HOUSE IMPEX LIMITE,INE502D01011
TRANSCHEM LTD.,INE019B01010
TRANSCORP INTERNATIONAL LTD.,INE330E01023
TRANSFORMERS AND RECTIFIERS (I,INE763I01026
TRANS-FREIGHT CONTAINERS LTD.,INE360D01014
TRANSGENE BIOTEK LTD.,INE773D01018
TRANSGLOBE FOODS LTD.,INE213P01027
Transindia Real Estate Limited,INE0O3901029
TRANSPEK INDUSTRY LTD.,INE687A01016
TRANSPORT CORPORATION OF INDIA,INE688A01022
Transrail Lighting Limited,INE454P01035
TRANSVOY LOGISTICS INDIA LIMIT,INE0MPU01011
Transwarranty Finance Limited,INE804H01012
TRANSWORLD SHIPPING LINES LIMI,INE757B01015
Travel Food Services Limited,INE103V01028
Travels & rentals Limited,INE0SG001011
Travels & rentals Limited,INE0SG020011
TREE HOUSE EDUCATION & ACCESSO,INE040M01013
TREJHARA SOLUTIONS LIMITED,INE00CA01015
Trent Limited,INE849A01020
TRESCON LIMITED,INE088D01011
TRF Limited,INE391D01019
Tribhovandas Bhimji Zaveri Limited,INE760L01018
TRICOM FRUIT PRODUCTS LIMITED,INE843F01014
Trident Lifeline Limited,INE0MKA01014
Trident Limited,INE064C01022
Trident Texofab Limited,INE071Y01013
Trigyn Technologies Limited,INE948A01012
TRILIANCE POLYMERS LIMITED,INE778N01016
TRIO MERCANTILE & TRADING LTD.,INE234G01022
Trishakti Industries Limited,INE238C01022
TRITON CORP.LTD.,INE982C01033
TRITON VALVES LTD.,INE440G01017
TRIUMPH INTERNATIONAL FINANCE,INE382B01012
TRIVENI ENGINEERING & INDUSTRI,INE256C01024
TRIVENI ENTERPRISES LTD,INE916P01025
TRIVENI GLASS LTD.,INE094C01011
Triveni Turbine Limited,INE152M01016
TruAlt Bioenergy Limited,INE0MWH01014
TruCap Finance Limited,INE615R01029
TRUE COLORS LIMITED,INE1LDV01015
TRUE GREEN BIO ENERGY LIMITED,INE672K01025
Trustedge Capital Limited,INE398H01015
TRUSTWAVE SECURITIES LIMITED,INE668Y01016
TSF INVESTMENTS LIMITED,INE202Z01029
TTI ENTERPRISE LTD,INE404F01031
TTK Healthcare Limited,INE910C01018
TTK Prestige Limited,INE690A01028
Tube Investments of India Limited,INE974X01010
TULSYAN NEC LTD.,INE463D01016
TUNI TEXTILE MILLS LTD.,INE560D01027
TUSALDAH LIMITED,INE319M01011
TUTICORIN ALKALI CHEMICALS AND,INE400A01014
TV Today Network Limited,INE038F01029
TV Vision Limited,INE871L01013
TVS Electronics Limited,INE236G01019
TVS Holdings Limited,INE105A01035
TVS Motor Company Limited,INE494B01023
TVS Srichakra Limited,INE421C01016
TVS Supply Chain Solutions Lim,INE395N01027
Twamev Construction and Infrastructure Limited,INE388G01026
TYCHE INDUSTRIES LTD.,INE443B01012
Typhoon Financial Services Lim,INE761R01013
TYROON TEA CO.LTD.,INE945B01016
U. H. ZAVERI LIMITED,INE556Z01010
U. Y. Fincorp Limited,INE152C01025
U.P.HOTELS LTD.,INE726E01014
UCAL LIMITED,INE139B01016
UCL-10.02%-7-8-26-PVT,INE583D07547
UCO Bank,INE691A01018
Uday Jewellery Industries Limi,INE551B01012
Udayshivakumar Infra Limited,INE0N0Y01013
UFLEX Limited,INE516A01017
UFO Moviez India Limited,INE527H01019
Ugro Capital Limited,INE583D01011
UJAAS ENERGY LIMITED,INE899L01030
Ujjivan Small Finance Bank Lim,INE551W01018
Ultracab (India) Limited,INE010R01023
ULTRAMARINE & PIGMENTS LTD.,INE405A01021
UltraTech Cement Limited,INE481G01011
Uma Exports Limited,INE0GIU01018
UMIYA BUILDCON LIMITED,INE398B01018
Umiya Mobile Limited,INE1P1A01018
Umiya Tubes Limited,INE173U01015
UNI ABEX ALLOY PRODUCTS LTD.,INE361D01012
Unichem Laboratories Limited,INE351A01035
Unick Fix-A- Form and Printers,INE250G01010
Unicommerce Esolutions Limited,INE00U401027
UNIFIED DATA TECH SOLUTIONS LI,INE1ABX01018
UNIFINZ CAPITAL INDIA LIMITED,INE926R01012
Uniinfo Telecom Services Limited,INE481Z01011
Unimech Aerospace and Manufact,INE0U3I01011
Union Bank of India,INE692A01016
UNION MUTUAL FUND,INF582M01KS4
Uniparts India Limited,INE244O01017
Uniphos Enterprises Limited,INE037A01022
Unipro Technologies Limited,INE448F01012
UNIQUE ORGANICS LTD.,INE333E01019
UNIROYAL INDUSTRIES LTD.,INE980D01019
UNIROYAL MARINE EXPORTS LTD.,INE602H01010
UNISEM AGRITECH LIMITED,INE1FHV01026
UNISON METALS LTD,INE099D01026
UNITECH INTERNATIONAL LTD.,INE929K01011
Unitech Limited,INE694A01020
United Breweries Limited,INE686F01025
United Drilling Tools Limited,INE961D01019
United Foodbrands Limited,INE382M01027
United Polyfab Gujarat Limited,INE368U01029
United Spirits Limited,INE854D01024
UNITED VAN DER HORST LTD.,INE890G01047
Univastu India Limited,INE562X01013
UNIVERSAL ARTS LTD.,INE464B01018
Universal Autofoundry Limited,INE203T01012
Universal Cables Limited,INE279A01012
UNIVERSAL OFFICE AUTOMATION LT,INE951C01012
UNIVERSAL STARCH-CHEM ALLIED L,INE113E01015
UNIVERSUS PHOTO IMAGINGS LIMIT,INE03V001013
UNJHA FORMULATIONS LTD.,INE576D01015
UNO Minda Limited,INE405E01023
UPC-9.70%-30-3-29-PVT,INE540P07400
Updater Services Limited,INE851I01011
UPL Limited,INE628A01036
UPSURGE INVESTMENT & FINANCE L,INE890B01014
UR SUGAR INDUSTRIES LIMITED,INE904R01027
Uravi Defence and Technology L,INE568Z01015
Urban Company Limited,INE0CAZ01013
Urja Global Limited,INE550C01020
USFBL-11%-28-6-31-PVT,INE735W08053
USG TECH SOLUTIONS LTD.,INE718B01017
USHA MARTIN EDUCATION & SOLUTI,INE240C01028
Usha Martin Limited,INE228A01035
USHAKIRAN FINANCE LTD.,INE697C01011
UTI Asset Management Company L,INE094J01016
UTI BSE  Sensex Next 50 ETF,INF789F1AUU3
UTI BSE Sensex ETF,INF789FB1X58
UTI Mutual Fund,INF789F1AZC0
UTI Mutual Fund,INF789F1AUW9
UTI Mutual Fund,INF789F1ARF0
UTI Mutual Fund,INF789F1ARQ7
UTI Mutual Fund,INF789F1AUV1
UTI Mutual Fund,INF789F1AYK6
UTI MUTUAL FUND - UTI GOLD EXC,INF789F1AUX7
UTIQUE ENTERPRISES LIMITED,INE096A01010
UTKARSH SMALL FINANCE BANK LIM,INE735W01017
UTL INDUSTRIES LIMITED,INE184E01024
Uttam Sugar Mills Limited,INE786F01031
UVS HOSPITALITY AND SERVICES L,INE528C01018
V B INDUSTRIES LIMITED,INE334E01017
V R WOODART LTD.,INE317D01014
V.B.DESAI FINANCIAL SERVICES L,INE848D01018
V.I.P.INDUSTRIES LTD.,INE054A01027
V.S.T Tillers Tractors Limited,INE764D01017
V2 Retail Limited,INE945H01013
VA Tech Wabag Limited,INE956G01038
VAARAD VENTURES LTD,INE418B01048
VADILAL ENTERPRISES LTD.,INE693D01018
Vadilal Industries Limited,INE694D01016
Vaibhav Global Limited,INE884A01027
Vaishali Pharma Limited,INE972X01022
Vakrangee Limited,INE051B01021
Valencia India Limited,INE130701019
VALIANT COMMUNICATIONS LTD.,INE760B01019
Valiant Laboratories Limited,INE0JWS01017
Valiant Organics Limited,INE565V01010
VALLABH STEELS LTD.,INE457E01016
Valor Estate Limited,INE879I01012
VALSON INDUSTRIES LTD.,INE808A01018
VAMA INDUSTRIES LTD.,INE685D01022
VAMSHI RUBBER LTD.,INE380C01014
Vani Commercials Limited,INE661Q01017
Vantage Knowledge Academy Limi,INE427T01025
Vardhman Acrylics Limited,INE116G01013
VARDHMAN CONCRETE LIMITED,INE115C01014
Vardhman Holdings Limited,INE701A01023
Vardhman Polytex Limited,INE835A01029
Vardhman Special Steels Limited,INE050M01012
Vardhman Textiles Limited,INE825A01020
VARIMAN GLOBAL ENTERPRISES LIM,INE717F01028
Varroc Engineering Limited,INE665L01035
Varun Beverages Limited,INE200M01039
VARVEE GLOBAL LIMITED,INE273D01019
VARYAA CREATIONS LIMITED,INE0R6801013
Vascon Engineers Limited,INE893I01013
VASHU BHAGNANI INDUSTRIES LIMI,INE147C01017
VASUNDHARA RASAYANS LTD,INE406F01010
Vaswani Industries Limited,INE590L01019
Vaxfab Enterprises Limited,INE560T01015
Vaxtex Cotfab Limited,INE098201036
VCL-10%-04-07-28-PVT,INE01HV07593
VCL-9.86%-16-4-27-PVT,INE01HV07536
VCU DATA MANAGEMENT LTD,INE962O01014
Vedant Fashions Limited,INE825V01034
Vedanta Limited,INE205A01025
VEDAVAAG SYSTEMS LTD.,INE359B01010
Veedol Corporation Limited,INE484C01030
VEEFIN SOLUTIONS LIMITED,INE0Q0M01015
VEEJAY LAKSHMI ENGINEERING WOR,INE466D01019
VEER ENERGY & INFRASTRUCTURE L,INE255E01030
Veer Global Infraconstruction,INE244W01010
VEERHEALTH CARE LIMITED,INE882C01035
Veerkrupa Jewellers Limited,INE0ID001024
VEGA JEWELLERS LIMITED,INE603D01017
VELAN HOTELS LTD.,INE548D01014
VELJAN DENISON LIMITED,INE232E01013
Venky's (India) Limited,INE398A01010
VENLON ENTERPRISES LTD.,INE204D01022
VENMAX DRUGS AND PHARMACEUTICA,INE154G01022
Ventive Hospitality Limited,INE781S01027
VENTURA TEXTILES LTD.,INE810C01044
Venus Pipes & Tubes Limited,INE0JA001018
Venus Remedies Limited,INE411B01019
Veranda Learning Solutions Lim,INE0IQ001011
VERITAS (INDIA) LTD.,INE379J01029
VERTEX SECURITIES LTD.,INE316D01024
Vertoz Limited,INE188Y01031
Vesuvius India Limited,INE386A01023
VETO SWITCHGEARS AND CABLES LI,INE918N01018
V-Guard Industries Limited,INE951I01027
Vibhor Steel Tubes Limited,INE0QTF01015
Vibrant Global Capital Limited,INE761Q01015
Viceroy Hotels Limited,INE048C01025
VICTORIA MILLS LTD.,INE203D01016
Vidhi Specialty Food Ingredien,INE632C01026
Vidya Wires Limited,INE14UN01029
VIJAY SOLVEX LTD.,INE362D01010
Vijaya Diagnostic Centre Limit,INE043W01024
Viji Finance Limited,INE159N01027
Vikas EcoTech Limited,INE806A01020
Vikas Lifecare Limited,INE161L01027
VIKAS PROPPANT & GRANITE LTD.,INE767B01022
VIKAS WSP LTD.,INE706A01022
VIKRAM AROMA LIMITED,INE0NR501012
VIKRAM KAMATS HOSPITALITY LIMI,INE564S01019
Vikram Solar Limited,INE078V01014
VIKRAM THERMO (INDIA) LTD.,INE337E01010
Vikran Engineering Limited,INE01R501028
Vimta Labs Limited,INE579C01029
Vinati Organics Limited,INE410B01037
VINAYAK POLYCON INTERNATIONAL,INE581M01016
Vindhya Telelinks Limited,INE707A01012
Vineet Laboratories Limited,INE505Y01010
Vineet Laboratories Limited-RE,INE505Y20010
Vinny Overseas Limited,INE01KI01027
VINTAGE COFFEE AND BEVERAGES L,INE498Q01014
VINTAGE SECURITIES LTD.,INE153C01015
Vinyl Chemicals (India) Limited,INE250B01029
VINYOFLEX LTD.,INE526H01011
VIP Clothing Limited,INE450G01024
Vipul Limited,INE946H01037
Vipul Organics Limited,INE834D01018
Viram Suvarn Limited,INE607V01028
Viram Suvarn Limited,INE607V20010
VIRAT CRANE INDUSTRIES LTD.,INE295C01014
VIRAT INDUSTRIES LTD.,INE467D01017
Virat Leasing Limited,INE347L01022
Virgo Global Limited,INE400B01020
Virinchi Limited,INE539B01017
VIRTUAL GLOBAL EDUCATION LTD.,INE247C01023
Virtuoso Optoelectronics Limit,INE0I0T01010
Visa Steel Limited,INE286H01012
VISAGAR FINANCIAL SERVICES LTD,INE309H01038
Visagar Polytex Limited,INE370E01029
Visaka Industries Limited,INE392A01021
Vishal Bearings Limited,INE060T01024
VISHAL FABRICS LTD,INE755Q01025
Vishal Mega Mart Limited,INE01EA01019
Vishnu Chemicals Limited,INE270I01022
VISHNU PRAKASH R PUNGLIA LIMIT,INE0AE001013
VISHVPRABHA VENTURES LIMITED,INE762D01011
Vishwaraj Sugar Industries Lim,INE430N01022
VISION CINEMAS LTD.,INE515B01025
VISION CORPORATION LTD.,INE661D01015
VISTA PHARMACEUTICALS LTD.,INE427C01021
Vistar Amar Limited,INE878P01019
Vivanta Industries Limited,INE299W01022
Vivanza Biosciences Limited,INE984E01035
VIVID GLOBAL INDUSTRIES LTD.,INE737C01023
VIVID MERCANTILE LIMITED,INE647Z01025
Vivimed Labs Limited,INE526G01021
VIVO BIO TECH LTD.,INE380K01017
VJTF EDUSERVICES LTD.,INE117F01013
VL E-Governance & IT Solutions,INE03HW01020
VLS Finance Limited,INE709A01018
V-Mart Retail Limited,INE665J01013
VMS INDUSTRIES LTD.,INE932K01015
VMS TMT Limited,INE0SJA01013
VODAFONE IDEA  LIMITED,INE669E01016
VOITH PAPER FABRICS INDIA LTD.,INE285C01015
VOLTAIRE LEASING & FINANCE LTD,INE763D01019
Voltamp Transformers Limited,INE540H01012
Voltas Limited,INE226A01021
Vraj Iron and Steel Limited,INE0S2V01010
VRL Logistics Limited,INE366I01010
Vrundavan Plantation Limited,INE0Q6901013
VSF PROJECTS LTD.,INE923K01014
VST Industries Limited,INE710A01016
VTM LTD.,INE222F01029
VVIP Infratech Limited,INE0MNP01016
W S Industries (I) Limited,INE100D01014
W.H.BRADY & CO.LTD.,INE855A01019
Waa Solar Limited,INE799N01012
Waaree Energies Limited,INE377N01017
WAAREE RENEWABLE TECHNOLOGIES,INE299N01021
WAAREE TECHNOLOGIES LIMITED,INE725P01012
WAGEND INFRA VENTURE LIMITED,INE786K01023
Wakefit Innovations Limited,INE0E7301029
WALCHAND PEOPLEFIRST LTD.,INE695D01021
Walchandnagar Industries Limited,INE711A01022
WALLFORT FINANCIAL SERVICES LT,INE121B01014
Wanbury Limited,INE107F01022
Wardwizard Foods and Beverages,INE761D01021
WARDWIZARD INNOVATIONS AND MOB,INE945P01024
WARREN TEA LTD.,INE712A01012
WATERBASE LTD.,INE054C01015
WE WIN LIMITED,INE082W01014
Wealth First Portfolio Manager,INE658T01017
Websol Energy System Limited,INE855C01023
Weizmann Limited,INE080A01014
WELCAST STEELS LTD.,INE380G01015
WELCURE DRUGS & PHARMACEUTICAL,INE331C01025
Welspun Corp Limited,INE191B01025
Welspun Enterprises Limited,INE625G01013
WELSPUN INVESTMENTS AND COMMER,INE389K01018
Welspun Living Limited,INE192B01031
WELSPUN SPECIALTY SOLUTIONS LI,INE731F01037
Wendt (India) Limited,INE274C01019
WEP SOLUTIONS LTD.,INE434B01029
West Coast Paper Mills Limited,INE976A01021
WEST LEISURE RESORTS LTD,INE266P01017
Western Carriers (India) Limit,INE0CJF01024
Western Overseas Study Abroad,INE1MF401019
WESTLIFE FOODWORLD LIMITED,INE274F01020
WeWork India Management Limite,INE085001019
Wheels India Limited,INE715A01015
Whirlpool of India Limited,INE716A01013
White Organic Agro Limited,INE146C01019
WILLIAMSON FINANCIAL SERVICES,INE188E01017
Williamson Magor & Company Limited,INE210A01017
WIM PLAST LTD.,INE015B01018
Windlas Biotech Limited,INE0H5O01029
Windsor Machines Limited,INE052A01021
WINSOME BREWERIES LTD.,INE391C01011
WINSOME TEXTILE INDUSTRIES LTD,INE837B01031
Winsome Yarns Limited,INE784B01035
Wipro Limited,INE075A01022
Wockhardt Limited,INE049B01025
WOMEN NETWORKS LTD.,INE905B01010
Wonder Electricals Limited,INE02WG01024
Wonderla Holidays Limited,INE066O01014
WORKMATES CORE2CLOUD SOLUTION,INE1I1301016
WORLDWIDE ALUMINIUM LIMITED,INE550D01010
WORTH INVESTMENT & TRADING CO,INE114O01020
Worth Peripherals Limited,INE196Y01018
WPIL LTD.,INE765D01022
WSFX Global Pay Limited,INE549D01012
Xchanging Solutions Limited,INE692G01013
Xelpmoc Design and Tech Limite,INE01P501012
Xpro India Limited,INE445C01015
Xtglobal Infotech Limited,INE547B01028
YAAN ENTERPRISES LIMITED,INE969E01010
YAJUR FIBRES LIMITED,INE0CNJ01010
YAMINI INVESTMENTS COMPANY LTD,INE457N01025
YARN SYNDICATE LTD.,INE564C01013
Yash Chemex Limited,INE571U01010
Yash Highvoltage Limited,INE00GK01023
YASH INNOVENTURES LIMITED,INE823D01011
YASH MANAGEMENT & SATELLITE LT,INE216B01012
Yasho Industries Limited,INE616Z01012
YASHRAJ CONTAINEURS LTD.,INE095C01018
YATHARTH HOSPITAL & TRAUMA CAR,INE0JO301016
Yatra Online Limited,INE0JR601024
Yes Bank Limited,INE528G01035
YOGI LIMITED,INE290E01011
YOGI SUNG-WON (INDIA) LTD.,INE429B01011
YORK EXPORTS LTD.,INE057Q01018
Yug Decor Limited,INE796W01019
Yuken India Limited,INE384C01016
Yunik Managing Advisors Limite,INE143K01019
YURANUS INFRASTRUCTURE LTD,INE156M01017
YUVRAAJ HYGIENE PRODUCTS LTD.,INE139D01020
Z.F.STEERING GEAR (INDIA) LTD.,INE116C01012
ZAGGLE PREPAID OCEAN SERVICES,INE07K301024
Zeal Aqua Limited,INE819S01025
ZEE ENTERTAINMENT ENTERPRISES,INE256A01028
Zee Learn Limited,INE565L01011
Zee Media Corporation Limited,INE966H01019
Zelio E Mobility Limited,INE1B3501014
Zen Technologies Limited,INE251B01027
Zenith Exports Limited,INE058B01018
ZENITH FIBRES LTD.,INE106C01013
ZENITH HEALTH CARE LTD.,INE812B01026
Zenith Steel Pipes & Industries Limited,INE318D01020
Zenlabs Ethica Limited,INE546F01013
ZENOTECH LABORATORIES LTD.,INE486F01012
Zensar Technologies Limited,INE520A01027
Zerodha Mutual Fund,INF0R8F01034
Zerodha Mutual Fund,INF0R8F01042
Zerodha Mutual Fund,INF0R8F01059
Zerodha Mutual Fund,INF0R8F01067
Zerodha Mutual Fund,INF0R8F01091
Zerodha Mutual Fund,INF0R8F01133
Zerodha Mutual Fund,INF0R8F01141
Zerodha Mutual Fund,INF0R8F01166
ZF Commercial Vehicle Control,INE342J01019
Zim Laboratories Limited,INE518E01015
Zodiac Clothing Company Limited,INE206B01013
Zodiac Energy Limited,INE761Y01019
ZODIAC VENTURES LIMITED,INE945J01027
ZODIAC-JRD-MKJ LTD.,INE077B01018
Zota Health Care LImited,INE358U01012
ZR2 BIOENERGY LIMITED,INE218N01021
Zuari Agro Chemicals Limited,INE840M01016
ZUARI INDUSTRIES LIMITED,INE217A01012
Zydus Lifesciences Limited,INE010B01027
Zydus Wellness Limited,INE768C01028
